userID,itemID,rating,timestamp,split_label
0,73,1.0,1516237335600,0
0,4,1.0,1516249707191,0
0,0,1.0,1516372633392,0
0,5,1.0,1558834756771,0
0,51,1.0,1567141352949,0
0,1,1.0,1591696687069,1
0,3,1.0,1642404527779,2
1,32,1.0,1544177369166,0
1,17,1.0,1544181358236,0
1,15,1.0,1544181392496,0
1,0,1.0,1544182356211,1
1,85,1.0,1544263137578,2
2,17,1.0,1552799966236,0
2,15,1.0,1552800022619,0
2,37,1.0,1552800027633,0
2,102,1.0,1552800074453,0
2,13,1.0,1552800546674,0
2,56,1.0,1552800780244,0
2,101,1.0,1552801838129,0
2,32,1.0,1552802405004,1
2,0,1.0,1552831723337,2
3,33,1.0,1557842287988,0
3,43,1.0,1557842635486,0
3,68,1.0,1557846196090,0
3,0,1.0,1557846452285,1
3,13,1.0,1557876900671,2
4,17,1.0,1553432120080,0
4,15,1.0,1553432158629,0
4,0,1.0,1553432237651,0
4,16,1.0,1553432721361,0
4,101,1.0,1553432817109,0
4,32,1.0,1553434827718,0
4,13,1.0,1553437612910,0
4,6,1.0,1553494928957,0
4,65,1.0,1553573153114,1
4,535,1.0,1553856479139,2
5,0,1.0,1541502085415,0
5,17,1.0,1541502284412,0
5,15,1.0,1541502434877,0
5,85,1.0,1541509965935,0
5,534,1.0,1541555067044,1
5,550,1.0,1541957999454,2
6,0,1.0,1557540613803,0
6,6,1.0,1557540807949,0
6,43,1.0,1557541889611,0
6,13,1.0,1557543057737,0
6,68,1.0,1557546029558,1
6,33,1.0,1557555892882,2
7,17,1.0,1542464272132,0
7,15,1.0,1542464362558,0
7,0,1.0,1542465693589,0
7,68,1.0,1542467540973,0
7,56,1.0,1542470632265,0
7,51,1.0,1567229327164,1
7,99,1.0,1636649468356,2
8,6,1.0,1558240705051,0
8,32,1.0,1558240750663,0
8,13,1.0,1558241587946,0
8,33,1.0,1558242208066,0
8,0,1.0,1558242423907,1
8,56,1.0,1558248443210,2
9,14,1.0,1557413482825,0
9,43,1.0,1557413525527,0
9,33,1.0,1557413550343,0
9,0,1.0,1557414201874,0
9,6,1.0,1557414671635,0
9,68,1.0,1557416775424,1
9,13,1.0,1557444755600,2
10,17,1.0,1544099932516,0
10,15,1.0,1544099983469,0
10,32,1.0,1544150826536,0
10,0,1.0,1544159899907,1
10,79,1.0,1544176687110,2
11,56,1.0,1559899257544,0
11,0,1.0,1559899633108,0
11,13,1.0,1559899686349,0
11,4,1.0,1559902545229,1
11,68,1.0,1559923689220,2
12,32,1.0,1544705818562,0
12,33,1.0,1544709729988,0
12,102,1.0,1544710747546,0
12,17,1.0,1544712511889,0
12,15,1.0,1544712573952,0
12,0,1.0,1544747611368,0
12,68,1.0,1544767903227,1
12,550,1.0,1544896576415,2
13,17,1.0,1547385371458,0
13,15,1.0,1547385421713,0
13,0,1.0,1547386164681,0
13,4,1.0,1547396698493,1
13,85,1.0,1547439155773,2
14,0,1.0,1521939223153,0
14,80,1.0,1535797715482,0
14,85,1.0,1539503652877,0
14,99,1.0,1636732622544,1
14,3,1.0,1642405375404,2
15,32,1.0,1547953267979,0
15,102,1.0,1547953399271,0
15,17,1.0,1547953447458,0
15,15,1.0,1547953549874,0
15,0,1.0,1547954413515,0
15,76,1.0,1547956150274,0
15,4,1.0,1547958322577,0
15,6,1.0,1547960627415,1
15,73,1.0,1548219924295,2
16,17,1.0,1541840753902,0
16,0,1.0,1541841378410,0
16,33,1.0,1541841447274,0
16,533,1.0,1541948734986,1
16,550,1.0,1541957924557,2
17,79,1.0,1529582428477,0
17,66,1.0,1529582983063,0
17,56,1.0,1529604931775,0
17,0,1.0,1529636340286,0
17,80,1.0,1532890397164,1
17,3,1.0,1642407242936,2
18,101,1.0,1550492070129,0
18,17,1.0,1550492129065,0
18,0,1.0,1550492179378,0
18,15,1.0,1550492187138,1
18,550,1.0,1550981304794,2
19,32,1.0,1541988524569,0
19,17,1.0,1541991304981,0
19,15,1.0,1541991451260,0
19,4,1.0,1541998503082,0
19,0,1.0,1541999781101,0
19,533,1.0,1542009052399,0
19,555,1.0,1542011340530,1
19,51,1.0,1567228840069,2
20,17,1.0,1549772819612,0
20,101,1.0,1549773509510,0
20,37,1.0,1549773915961,0
20,65,1.0,1549800620659,1
20,0,1.0,1549846775279,2
21,0,1.0,1529297026574,0
21,67,1.0,1535356455814,0
21,80,1.0,1538286783567,0
21,51,1.0,1567143231871,1
21,3,1.0,1642407225804,2
22,37,1.0,1558671195323,0
22,13,1.0,1558671333302,0
22,6,1.0,1558673738637,0
22,68,1.0,1558674868826,0
22,0,1.0,1558674907775,1
22,33,1.0,1558676132594,2
23,33,1.0,1569064617393,0
23,0,1.0,1569064857104,0
23,76,1.0,1569068386939,0
23,68,1.0,1569072706538,1
23,67,1.0,1569426437089,2
24,0,1.0,1558253840602,0
24,51,1.0,1558254327631,0
24,32,1.0,1558254561488,0
24,13,1.0,1558254843630,1
24,549,1.0,1558262712830,2
25,37,1.0,1554442359635,0
25,535,1.0,1554443106321,0
25,0,1.0,1554443898367,0
25,65,1.0,1554475960530,1
25,12,1.0,1558577613645,2
26,32,1.0,1544790587412,0
26,17,1.0,1544790619374,0
26,15,1.0,1544790749187,0
26,0,1.0,1544795201962,1
26,51,1.0,1567231396738,2
27,76,1.0,1540173130392,0
27,56,1.0,1540173369813,0
27,0,1.0,1540174560235,0
27,32,1.0,1540175334405,1
27,80,1.0,1546856195980,2
28,37,1.0,1568289905834,0
28,33,1.0,1568291545237,0
28,32,1.0,1568296172677,0
28,0,1.0,1568339997100,1
28,549,1.0,1568369665215,2
29,67,1.0,1541423439035,0
29,0,1.0,1541465112113,0
29,533,1.0,1541484748924,0
29,555,1.0,1541506273288,1
29,51,1.0,1567228447176,2
30,17,1.0,1540465092772,0
30,15,1.0,1540465138565,0
30,0,1.0,1540466257859,0
30,549,1.0,1540524352044,1
30,533,1.0,1540560820193,2
31,17,1.0,1556712013723,0
31,15,1.0,1556712056368,0
31,16,1.0,1556712265681,0
31,33,1.0,1556715144081,0
31,13,1.0,1556719075302,0
31,0,1.0,1556725421703,1
31,12,1.0,1557365488926,2
32,17,1.0,1540796933941,0
32,15,1.0,1540797084651,0
32,76,1.0,1540799102838,0
32,0,1.0,1540799764738,1
32,85,1.0,1540817762141,2
33,37,1.0,1593230081102,0
33,56,1.0,1593231724518,0
33,33,1.0,1593232061659,0
33,0,1.0,1593236304746,0
33,4,1.0,1593239401187,1
33,68,1.0,1593252542244,2
34,4,1.0,1513148224217,0
34,5,1.0,1558834628047,0
34,2,1.0,1567139141627,0
34,1,1.0,1591696640445,1
34,3,1.0,1642404476660,2
35,79,1.0,1525089552229,0
35,80,1.0,1535547319724,0
35,51,1.0,1567142480870,0
35,1,1.0,1591696802454,1
35,3,1.0,1642405429999,2
36,80,1.0,1536198480215,0
36,5,1.0,1558834650245,0
36,2,1.0,1567139146487,0
36,51,1.0,1567141183886,0
36,1,1.0,1591696644941,1
36,3,1.0,1642404483034,2
37,80,1.0,1535548100960,0
37,5,1.0,1558834564322,0
37,2,1.0,1567139121399,0
37,1,1.0,1591696621176,1
37,3,1.0,1642404444770,2
38,4,1.0,1525663506754,0
38,79,1.0,1525664403795,0
38,66,1.0,1526054138132,0
38,1,1.0,1591697194734,1
38,3,1.0,1642407105447,2
39,80,1.0,1535548034091,0
39,5,1.0,1558834502785,0
39,51,1.0,1567140808905,0
39,1,1.0,1591696585933,1
39,3,1.0,1642404413685,2
40,5,1.0,1558834720349,0
40,2,1.0,1567139170044,0
40,51,1.0,1567141284917,0
40,1,1.0,1591696662472,1
40,3,1.0,1642404513083,2
41,73,1.0,1513070141174,0
41,555,1.0,1540482799797,0
41,5,1.0,1558834598419,0
41,2,1.0,1567139126112,0
41,1,1.0,1591696631160,1
41,3,1.0,1642404452245,2
42,73,1.0,1526119343489,0
42,67,1.0,1526363026342,0
42,80,1.0,1536198288374,0
42,1,1.0,1591696965182,1
42,3,1.0,1642406985614,2
43,32,1.0,1536726130207,0
43,76,1.0,1536726323081,0
43,549,1.0,1536727807214,0
43,33,1.0,1536757161946,1
43,1,1.0,1591697859824,2
44,73,1.0,1518491127056,0
44,80,1.0,1532279683319,0
44,5,1.0,1559625952204,0
44,51,1.0,1567141750954,1
44,3,1.0,1642404598120,2
45,17,1.0,1541220145292,0
45,15,1.0,1541220183367,0
45,4,1.0,1541229342406,0
45,85,1.0,1541230409207,0
45,32,1.0,1541230588822,0
45,66,1.0,1541231042345,0
45,555,1.0,1541231595019,1
45,550,1.0,1541958176403,2
46,4,1.0,1557474188949,0
46,101,1.0,1557474733611,0
46,43,1.0,1557476866834,0
46,6,1.0,1557477765721,1
46,99,1.0,1636528158159,2
47,32,1.0,1538233555955,0
47,33,1.0,1538234216417,0
47,56,1.0,1538236960635,0
47,79,1.0,1538242391903,0
47,4,1.0,1538310927312,1
47,51,1.0,1567226344223,2
48,14,1.0,1555920202289,0
48,4,1.0,1555929019469,0
48,73,1.0,1555929231423,0
48,33,1.0,1555945233713,1
48,12,1.0,1557702291618,2
49,32,1.0,1544006904406,0
49,17,1.0,1544007749631,0
49,15,1.0,1544007997500,0
49,534,1.0,1544008670104,0
49,4,1.0,1544027859873,1
49,51,1.0,1567230956017,2
50,17,1.0,1540720151237,0
50,15,1.0,1540720226988,0
50,4,1.0,1540740197722,0
50,550,1.0,1541007868507,1
50,51,1.0,1567227878810,2
51,6,1.0,1554690178053,0
51,14,1.0,1554690282329,0
51,17,1.0,1554690457302,0
51,15,1.0,1554690498670,0
51,16,1.0,1554690545412,0
51,13,1.0,1554694049120,1
51,12,1.0,1558577520059,2
52,32,1.0,1537244661011,0
52,6,1.0,1537246180855,0
52,549,1.0,1537247778177,0
52,555,1.0,1537261482506,0
52,76,1.0,1537360037907,1
52,51,1.0,1567225789785,2
53,101,1.0,1555830043202,0
53,6,1.0,1555830457881,0
53,13,1.0,1555830482723,0
53,68,1.0,1555851024158,0
53,33,1.0,1555911281919,1
53,12,1.0,1557702325633,2
54,14,1.0,1558142718553,0
54,6,1.0,1558144541183,0
54,68,1.0,1558146839714,0
54,43,1.0,1558147760745,1
54,13,1.0,1558150132445,2
55,14,1.0,1557887617074,0
55,6,1.0,1557888342371,0
55,43,1.0,1557889016469,0
55,13,1.0,1557890910398,0
55,33,1.0,1557891649173,1
55,68,1.0,1557899246661,2
56,33,1.0,1556274489171,0
56,534,1.0,1556276904840,0
56,13,1.0,1556277772452,0
56,51,1.0,1556330723950,0
56,6,1.0,1556336703642,1
56,12,1.0,1557702138653,2
57,6,1.0,1555823591443,0
57,535,1.0,1555824910045,0
57,68,1.0,1555825033394,0
57,13,1.0,1555825150836,1
57,12,1.0,1557702341855,2
58,37,1.0,1554639812734,0
58,6,1.0,1554677294015,0
58,51,1.0,1554684544448,0
58,65,1.0,1554684961830,0
58,12,1.0,1558577538474,1
58,99,1.0,1636602214975,2
59,14,1.0,1557139123223,0
59,32,1.0,1557139664999,0
59,13,1.0,1557141642829,0
59,6,1.0,1557144856279,0
59,43,1.0,1557231477967,1
59,33,1.0,1557287271575,2
60,557,1.0,1621508840787,0
60,558,1.0,1622554129491,0
60,7,1.0,1622961293008,0
60,61,1.0,1623508413445,1
60,18,1.0,1646402580433,2
61,557,1.0,1621508939903,0
61,558,1.0,1622554183694,0
61,7,1.0,1622961261908,0
61,61,1.0,1623508479789,1
61,18,1.0,1646402788412,2
62,557,1.0,1621508863226,0
62,558,1.0,1622554139812,0
62,7,1.0,1622961286835,0
62,61,1.0,1623508427739,1
62,18,1.0,1646402686964,2
63,557,1.0,1621509011204,0
63,558,1.0,1622554197514,0
63,7,1.0,1622961255982,0
63,61,1.0,1623508489647,1
63,18,1.0,1646402837727,2
64,557,1.0,1621508869957,0
64,558,1.0,1622554151198,0
64,7,1.0,1622961280729,0
64,61,1.0,1623508435464,1
64,18,1.0,1646402706375,2
65,557,1.0,1621508910368,0
65,558,1.0,1622554173808,0
65,7,1.0,1622961268887,0
65,61,1.0,1623508458877,1
65,18,1.0,1646402765218,2
66,557,1.0,1621508790238,0
66,558,1.0,1622554091085,0
66,7,1.0,1622961303112,0
66,61,1.0,1623508392346,1
66,18,1.0,1646402516915,2
67,22,1.0,1643344687965,0
67,48,1.0,1643776496012,0
67,49,1.0,1643776809534,0
67,46,1.0,1643855770680,0
67,47,1.0,1644774200419,0
67,50,1.0,1645593282925,1
67,8,1.0,1647792205793,2
68,94,1.0,1643815038232,0
68,95,1.0,1643907619342,0
68,75,1.0,1644094567220,0
68,25,1.0,1644842604298,1
68,8,1.0,1647791811973,2
69,424,1.0,1637230242396,0
69,522,1.0,1637234825426,0
69,471,1.0,1637296089831,0
69,526,1.0,1637411895281,0
69,362,1.0,1641305838436,0
69,382,1.0,1641338337289,0
69,472,1.0,1641352692551,0
69,97,1.0,1641354673110,0
69,381,1.0,1641385373788,0
69,129,1.0,1641555649725,0
69,371,1.0,1642635535246,0
69,72,1.0,1642845501192,0
69,70,1.0,1643277841245,0
69,95,1.0,1643289094701,0
69,224,1.0,1643289245956,0
69,55,1.0,1643290578138,0
69,344,1.0,1643303059302,0
69,63,1.0,1643308544240,0
69,9,1.0,1643338605630,0
69,249,1.0,1643350273747,0
69,281,1.0,1643354435729,0
69,22,1.0,1643375034279,0
69,94,1.0,1643382339670,0
69,450,1.0,1643383822858,0
69,321,1.0,1643428584855,0
69,370,1.0,1643464866886,0
69,103,1.0,1643592086238,0
69,326,1.0,1643608681502,0
69,46,1.0,1643630460962,0
69,75,1.0,1643740389229,0
69,452,1.0,1643742258090,0
69,48,1.0,1643776369848,0
69,49,1.0,1643776507484,0
69,506,1.0,1643779027368,0
69,71,1.0,1643818820208,0
69,338,1.0,1644075985629,0
69,410,1.0,1644076072188,0
69,74,1.0,1644084607992,0
69,110,1.0,1644352815465,0
69,429,1.0,1644421010679,0
69,439,1.0,1644421123148,0
69,515,1.0,1644421157044,0
69,483,1.0,1644421243341,0
69,436,1.0,1644421424297,0
69,514,1.0,1644422146323,0
69,453,1.0,1644422551220,0
69,466,1.0,1644423326162,0
69,434,1.0,1644423439729,0
69,363,1.0,1644423624166,0
69,364,1.0,1644424268255,0
69,343,1.0,1644424381097,0
69,527,1.0,1644424528947,0
69,426,1.0,1644424823003,0
69,322,1.0,1644425523129,0
69,384,1.0,1644425837689,0
69,495,1.0,1644426226345,0
69,379,1.0,1644426471263,0
69,489,1.0,1644426892638,0
69,330,1.0,1644427028745,0
69,432,1.0,1644427844701,0
69,463,1.0,1644428029138,0
69,477,1.0,1644428188121,0
69,388,1.0,1644428296525,0
69,476,1.0,1644428347684,0
69,359,1.0,1644428449722,0
69,467,1.0,1644429898228,0
69,420,1.0,1644429932409,0
69,502,1.0,1644430095442,0
69,385,1.0,1644430147252,0
69,496,1.0,1644430165561,0
69,455,1.0,1644432531824,0
69,488,1.0,1644435557036,0
69,395,1.0,1644442577889,0
69,484,1.0,1644453929022,0
69,373,1.0,1644454029244,0
69,378,1.0,1644455796814,0
69,412,1.0,1644459361945,0
69,501,1.0,1644463497350,0
69,442,1.0,1644464613566,0
69,383,1.0,1644466392557,0
69,403,1.0,1644467734394,0
69,361,1.0,1644468115287,0
69,346,1.0,1644470666208,0
69,397,1.0,1644472745922,0
69,499,1.0,1644473535380,0
69,404,1.0,1644474079558,0
69,456,1.0,1644485784660,0
69,438,1.0,1644508878525,0
69,339,1.0,1644509007012,0
69,320,1.0,1644521049339,0
69,393,1.0,1644526839886,0
69,465,1.0,1644529133795,0
69,425,1.0,1644534041979,0
69,387,1.0,1644536079993,0
69,503,1.0,1644540427721,0
69,525,1.0,1644545264183,0
69,332,1.0,1644587650017,0
69,433,1.0,1644587703185,0
69,482,1.0,1644588487144,0
69,334,1.0,1644594586820,0
69,69,1.0,1644598752704,0
69,411,1.0,1644598845058,0
69,417,1.0,1644600009201,0
69,349,1.0,1644600718733,0
69,497,1.0,1644601031333,0
69,446,1.0,1644602425317,0
69,516,1.0,1644602577123,0
69,416,1.0,1644604266230,0
69,342,1.0,1644604441577,0
69,440,1.0,1644605801490,0
69,406,1.0,1644607205280,0
69,473,1.0,1644607296743,0
69,435,1.0,1644609487491,0
69,464,1.0,1644609744485,0
69,421,1.0,1644610682251,0
69,372,1.0,1644615034123,0
69,428,1.0,1644619514057,0
69,386,1.0,1644623107921,0
69,479,1.0,1644629558122,0
69,437,1.0,1644632696628,0
69,451,1.0,1644634016490,0
69,517,1.0,1644646547609,0
69,478,1.0,1644648069964,0
69,318,1.0,1644666400288,0
69,461,1.0,1644670872828,0
69,458,1.0,1644685937513,0
69,512,1.0,1644686263284,0
69,337,1.0,1644688843665,0
69,498,1.0,1644691307740,0
69,375,1.0,1644734074717,0
69,357,1.0,1644754446209,0
69,336,1.0,1644756582093,0
69,509,1.0,1644756667237,0
69,414,1.0,1644756938134,0
69,518,1.0,1644757918423,0
69,390,1.0,1644758087200,0
69,462,1.0,1644758386024,0
69,413,1.0,1644759084926,0
69,415,1.0,1644760420578,0
69,475,1.0,1644760769646,0
69,323,1.0,1644763326325,0
69,441,1.0,1644763517342,0
69,504,1.0,1644766001113,0
69,348,1.0,1644768434142,0
69,480,1.0,1644768942805,0
69,459,1.0,1644770958495,0
69,401,1.0,1644772056078,0
69,353,1.0,1644772558878,0
69,481,1.0,1644773692679,0
69,513,1.0,1644773834257,0
69,524,1.0,1644773903434,0
69,356,1.0,1644773925213,0
69,485,1.0,1644774119743,0
69,487,1.0,1644774404669,0
69,317,1.0,1644774416951,0
69,448,1.0,1644774547379,0
69,399,1.0,1644774793897,0
69,407,1.0,1644776150619,0
69,389,1.0,1644776194243,0
69,328,1.0,1644776437167,0
69,457,1.0,1644776636346,0
69,445,1.0,1644777277541,0
69,449,1.0,1644777899660,0
69,335,1.0,1644778532398,0
69,351,1.0,1644779767129,0
69,508,1.0,1644779966767,0
69,418,1.0,1644780550493,0
69,374,1.0,1644782042176,0
69,422,1.0,1644783386661,0
69,490,1.0,1644783766443,0
69,333,1.0,1644783841606,0
69,470,1.0,1644786221035,0
69,423,1.0,1644794951553,0
69,486,1.0,1644795641732,0
69,400,1.0,1644797004186,0
69,500,1.0,1644798498470,0
69,408,1.0,1644799166381,0
69,96,1.0,1644801185802,0
69,329,1.0,1644803077707,0
69,409,1.0,1644804819390,0
69,327,1.0,1644805758436,0
69,468,1.0,1644805964186,0
69,431,1.0,1644806347189,0
69,331,1.0,1644809895270,0
69,494,1.0,1644810321729,0
69,419,1.0,1644812195553,0
69,507,1.0,1644813629154,0
69,474,1.0,1644816192504,0
69,354,1.0,1644816888479,0
69,358,1.0,1644818626169,0
69,392,1.0,1644821774715,0
69,405,1.0,1644825121373,0
69,325,1.0,1644834330422,0
69,447,1.0,1644836825153,0
69,469,1.0,1644837315776,0
69,521,1.0,1644837395627,0
69,25,1.0,1644842294970,0
69,23,1.0,1644842554473,0
69,355,1.0,1644851737791,0
69,341,1.0,1644854510103,0
69,398,1.0,1644857374942,0
69,519,1.0,1644858957185,0
69,511,1.0,1644859114426,0
69,360,1.0,1644860455722,0
69,391,1.0,1644861239167,0
69,340,1.0,1644861248927,0
69,454,1.0,1644861446030,0
69,402,1.0,1644861467757,0
69,491,1.0,1644869504975,0
69,368,1.0,1644880912158,0
69,365,1.0,1644889247130,0
69,396,1.0,1644927068148,0
69,427,1.0,1644930488814,0
69,460,1.0,1644933292047,0
69,444,1.0,1644934551627,0
69,523,1.0,1645027039880,0
69,376,1.0,1645145309531,0
69,377,1.0,1645198916321,0
69,366,1.0,1645218272356,0
69,510,1.0,1645375877503,0
69,50,1.0,1645593879995,0
69,324,1.0,1645595274599,0
69,380,1.0,1645596037653,0
69,350,1.0,1645622635757,0
69,319,1.0,1645719427061,0
69,430,1.0,1645868725442,0
69,493,1.0,1645876709225,0
69,345,1.0,1646284943559,0
69,286,1.0,1646337037320,0
69,204,1.0,1646362669493,0
69,124,1.0,1646502662708,0
69,505,1.0,1646567301984,0
69,443,1.0,1647419444495,0
69,492,1.0,1647420442761,0
69,394,1.0,1647509553386,0
69,352,1.0,1647509866111,0
69,369,1.0,1647536851235,0
69,367,1.0,1647537328326,0
69,347,1.0,1647607968624,0
69,520,1.0,1647608979368,1
69,8,1.0,1647792461567,2
70,472,1.0,1641808361458,0
70,272,1.0,1642436662463,0
70,72,1.0,1642845260399,0
70,70,1.0,1643239923539,0
70,46,1.0,1643856090163,1
70,8,1.0,1647792342172,2
71,94,1.0,1643382321800,0
71,326,1.0,1643543331470,0
71,46,1.0,1643630451917,0
71,74,1.0,1644105639102,0
71,25,1.0,1644842315249,1
71,8,1.0,1647791984251,2
72,381,1.0,1642836859338,0
72,22,1.0,1643344409323,0
72,50,1.0,1645591980998,0
72,124,1.0,1646504014564,1
72,8,1.0,1647792637729,2
73,424,1.0,1637230242396,0
73,522,1.0,1637234825426,0
73,471,1.0,1637296089831,0
73,526,1.0,1637411895281,0
73,362,1.0,1641305838436,0
73,382,1.0,1641338337289,0
73,472,1.0,1641352692551,0
73,97,1.0,1641354673110,0
73,381,1.0,1641385373788,0
73,371,1.0,1642635535246,0
73,72,1.0,1642845501192,0
73,70,1.0,1643277841245,0
73,95,1.0,1643289094701,0
73,224,1.0,1643289245956,0
73,55,1.0,1643290578138,0
73,344,1.0,1643303059302,0
73,63,1.0,1643308544240,0
73,9,1.0,1643338605630,0
73,281,1.0,1643354435729,0
73,22,1.0,1643375034279,0
73,94,1.0,1643382339670,0
73,450,1.0,1643383822858,0
73,321,1.0,1643428584855,0
73,370,1.0,1643464866886,0
73,103,1.0,1643592086238,0
73,326,1.0,1643608681502,0
73,46,1.0,1643630460962,0
73,75,1.0,1643740389229,0
73,452,1.0,1643742258090,0
73,48,1.0,1643776369848,0
73,49,1.0,1643776507484,0
73,506,1.0,1643779027368,0
73,71,1.0,1643818820208,0
73,338,1.0,1644075985629,0
73,410,1.0,1644076072188,0
73,74,1.0,1644084607992,0
73,110,1.0,1644352815465,0
73,429,1.0,1644421010679,0
73,439,1.0,1644421123148,0
73,515,1.0,1644421157044,0
73,483,1.0,1644421243341,0
73,436,1.0,1644421424297,0
73,514,1.0,1644422146323,0
73,453,1.0,1644422551220,0
73,466,1.0,1644423326162,0
73,434,1.0,1644423439729,0
73,363,1.0,1644423624166,0
73,364,1.0,1644424268255,0
73,343,1.0,1644424381097,0
73,527,1.0,1644424528947,0
73,426,1.0,1644424823003,0
73,322,1.0,1644425523129,0
73,384,1.0,1644425837689,0
73,495,1.0,1644426226345,0
73,379,1.0,1644426471263,0
73,489,1.0,1644426892638,0
73,330,1.0,1644427028745,0
73,432,1.0,1644427844701,0
73,463,1.0,1644428029138,0
73,477,1.0,1644428188121,0
73,388,1.0,1644428296525,0
73,476,1.0,1644428347684,0
73,359,1.0,1644428449722,0
73,467,1.0,1644429898228,0
73,420,1.0,1644429932409,0
73,502,1.0,1644430095442,0
73,385,1.0,1644430147252,0
73,496,1.0,1644430165561,0
73,455,1.0,1644432531824,0
73,488,1.0,1644435557036,0
73,395,1.0,1644442577889,0
73,484,1.0,1644453929022,0
73,373,1.0,1644454029244,0
73,378,1.0,1644455796814,0
73,412,1.0,1644459361945,0
73,501,1.0,1644463497350,0
73,442,1.0,1644464613566,0
73,383,1.0,1644466392557,0
73,403,1.0,1644467734394,0
73,361,1.0,1644468115287,0
73,346,1.0,1644470666208,0
73,397,1.0,1644472745922,0
73,499,1.0,1644473535380,0
73,404,1.0,1644474079558,0
73,456,1.0,1644485784660,0
73,438,1.0,1644508878525,0
73,339,1.0,1644509007012,0
73,320,1.0,1644521049339,0
73,393,1.0,1644526839886,0
73,465,1.0,1644529133795,0
73,425,1.0,1644534041979,0
73,387,1.0,1644536079993,0
73,503,1.0,1644540427721,0
73,525,1.0,1644545264183,0
73,332,1.0,1644587650017,0
73,433,1.0,1644587703185,0
73,482,1.0,1644588487144,0
73,334,1.0,1644594586820,0
73,69,1.0,1644598752704,0
73,411,1.0,1644598845058,0
73,417,1.0,1644600009201,0
73,349,1.0,1644600718733,0
73,497,1.0,1644601031333,0
73,446,1.0,1644602425317,0
73,516,1.0,1644602577123,0
73,416,1.0,1644604266230,0
73,342,1.0,1644604441577,0
73,440,1.0,1644605801490,0
73,406,1.0,1644607205280,0
73,473,1.0,1644607296743,0
73,435,1.0,1644609487491,0
73,464,1.0,1644609744485,0
73,421,1.0,1644610682251,0
73,372,1.0,1644615034123,0
73,428,1.0,1644619514057,0
73,386,1.0,1644623107921,0
73,479,1.0,1644629558122,0
73,437,1.0,1644632696628,0
73,451,1.0,1644634016490,0
73,517,1.0,1644646547609,0
73,478,1.0,1644648069964,0
73,318,1.0,1644666400288,0
73,461,1.0,1644670872828,0
73,458,1.0,1644685937513,0
73,512,1.0,1644686263284,0
73,337,1.0,1644688843665,0
73,498,1.0,1644691307740,0
73,375,1.0,1644734074717,0
73,357,1.0,1644754446209,0
73,336,1.0,1644756582093,0
73,509,1.0,1644756667237,0
73,414,1.0,1644756938134,0
73,518,1.0,1644757918423,0
73,390,1.0,1644758087200,0
73,462,1.0,1644758386024,0
73,413,1.0,1644759084926,0
73,415,1.0,1644760420578,0
73,475,1.0,1644760769646,0
73,323,1.0,1644763326325,0
73,441,1.0,1644763517342,0
73,504,1.0,1644766001113,0
73,348,1.0,1644768434142,0
73,480,1.0,1644768942805,0
73,459,1.0,1644770958495,0
73,401,1.0,1644772056078,0
73,353,1.0,1644772558878,0
73,481,1.0,1644773692679,0
73,513,1.0,1644773834257,0
73,524,1.0,1644773903434,0
73,356,1.0,1644773925213,0
73,485,1.0,1644774119743,0
73,487,1.0,1644774404669,0
73,317,1.0,1644774416951,0
73,448,1.0,1644774547379,0
73,399,1.0,1644774793897,0
73,407,1.0,1644776150619,0
73,389,1.0,1644776194243,0
73,328,1.0,1644776437167,0
73,457,1.0,1644776636346,0
73,445,1.0,1644777277541,0
73,449,1.0,1644777899660,0
73,335,1.0,1644778532398,0
73,351,1.0,1644779767129,0
73,508,1.0,1644779966767,0
73,418,1.0,1644780550493,0
73,374,1.0,1644782042176,0
73,422,1.0,1644783386661,0
73,490,1.0,1644783766443,0
73,333,1.0,1644783841606,0
73,470,1.0,1644786221035,0
73,423,1.0,1644794951553,0
73,486,1.0,1644795641732,0
73,400,1.0,1644797004186,0
73,500,1.0,1644798498470,0
73,408,1.0,1644799166381,0
73,96,1.0,1644801185802,0
73,329,1.0,1644803077707,0
73,409,1.0,1644804819390,0
73,327,1.0,1644805758436,0
73,468,1.0,1644805964186,0
73,431,1.0,1644806347189,0
73,331,1.0,1644809895270,0
73,494,1.0,1644810321729,0
73,419,1.0,1644812195553,0
73,507,1.0,1644813629154,0
73,474,1.0,1644816192504,0
73,354,1.0,1644816888479,0
73,358,1.0,1644818626169,0
73,392,1.0,1644821774715,0
73,405,1.0,1644825121373,0
73,325,1.0,1644834330422,0
73,447,1.0,1644836825153,0
73,469,1.0,1644837315776,0
73,521,1.0,1644837395627,0
73,25,1.0,1644842536063,0
73,23,1.0,1644842678480,0
73,355,1.0,1644851737791,0
73,341,1.0,1644854510103,0
73,398,1.0,1644857374942,0
73,519,1.0,1644858957185,0
73,511,1.0,1644859114426,0
73,360,1.0,1644860455722,0
73,391,1.0,1644861239167,0
73,340,1.0,1644861248927,0
73,454,1.0,1644861446030,0
73,402,1.0,1644861467757,0
73,491,1.0,1644869504975,0
73,368,1.0,1644880912158,0
73,365,1.0,1644889247130,0
73,396,1.0,1644927068148,0
73,427,1.0,1644930488814,0
73,460,1.0,1644933292047,0
73,444,1.0,1644934551627,0
73,523,1.0,1645027039880,0
73,376,1.0,1645145309531,0
73,377,1.0,1645198916321,0
73,366,1.0,1645218272356,0
73,510,1.0,1645375877503,0
73,50,1.0,1645593879995,0
73,324,1.0,1645595274599,0
73,380,1.0,1645596037653,0
73,350,1.0,1645622635757,0
73,319,1.0,1645719427061,0
73,430,1.0,1645868725442,0
73,493,1.0,1645876709225,0
73,345,1.0,1646284943559,0
73,286,1.0,1646337037320,0
73,204,1.0,1646362669493,0
73,124,1.0,1646502662708,0
73,505,1.0,1646567301984,0
73,443,1.0,1647419444495,0
73,492,1.0,1647420442761,0
73,394,1.0,1647509553386,0
73,352,1.0,1647509866111,0
73,369,1.0,1647536851235,0
73,367,1.0,1647537328326,0
73,347,1.0,1647607968624,0
73,520,1.0,1647608979368,0
73,8,1.0,1647792461567,0
73,548,1.0,1647883100494,0
73,42,1.0,1647884248697,0
73,53,1.0,1647904658528,0
73,129,1.0,1647912488692,0
73,221,1.0,1647914349310,0
73,556,1.0,1647916908827,0
73,254,1.0,1647917167591,0
73,40,1.0,1647918655578,0
73,187,1.0,1647920333592,0
73,64,1.0,1647923544750,0
73,249,1.0,1647924000259,0
73,154,1.0,1647925286150,0
73,98,1.0,1647939766788,1
73,228,1.0,1647941440441,2
74,72,1.0,1642845553503,0
74,370,1.0,1643274790334,0
74,70,1.0,1643283780466,0
74,22,1.0,1643344958589,1
74,8,1.0,1647792477206,2
75,537,1.0,1644331263144,0
75,25,1.0,1644842887395,0
75,23,1.0,1644842922374,0
75,556,1.0,1645083929740,1
75,8,1.0,1647791657031,2
76,424,1.0,1637230242396,0
76,522,1.0,1637234825426,0
76,471,1.0,1637296089831,0
76,526,1.0,1637411895281,0
76,362,1.0,1641305838436,0
76,382,1.0,1641338337289,0
76,472,1.0,1641352692551,0
76,97,1.0,1641354673110,0
76,381,1.0,1641385373788,0
76,371,1.0,1642635535246,0
76,72,1.0,1642845501192,0
76,70,1.0,1643277841245,0
76,95,1.0,1643289094701,0
76,224,1.0,1643289245956,0
76,55,1.0,1643290578138,0
76,344,1.0,1643303059302,0
76,63,1.0,1643308544240,0
76,9,1.0,1643338605630,0
76,281,1.0,1643354435729,0
76,22,1.0,1643375034279,0
76,94,1.0,1643382339670,0
76,450,1.0,1643383822858,0
76,321,1.0,1643428584855,0
76,370,1.0,1643464866886,0
76,103,1.0,1643592086238,0
76,326,1.0,1643608681502,0
76,46,1.0,1643630460962,0
76,75,1.0,1643740389229,0
76,452,1.0,1643742258090,0
76,48,1.0,1643776369848,0
76,49,1.0,1643776507484,0
76,506,1.0,1643779027368,0
76,71,1.0,1643818820208,0
76,338,1.0,1644075985629,0
76,410,1.0,1644076072188,0
76,74,1.0,1644084607992,0
76,110,1.0,1644352815465,0
76,429,1.0,1644421010679,0
76,439,1.0,1644421123148,0
76,515,1.0,1644421157044,0
76,483,1.0,1644421243341,0
76,436,1.0,1644421424297,0
76,514,1.0,1644422146323,0
76,453,1.0,1644422551220,0
76,466,1.0,1644423326162,0
76,434,1.0,1644423439729,0
76,363,1.0,1644423624166,0
76,364,1.0,1644424268255,0
76,343,1.0,1644424381097,0
76,527,1.0,1644424528947,0
76,426,1.0,1644424823003,0
76,322,1.0,1644425523129,0
76,384,1.0,1644425837689,0
76,495,1.0,1644426226345,0
76,379,1.0,1644426471263,0
76,489,1.0,1644426892638,0
76,330,1.0,1644427028745,0
76,432,1.0,1644427844701,0
76,463,1.0,1644428029138,0
76,477,1.0,1644428188121,0
76,388,1.0,1644428296525,0
76,476,1.0,1644428347684,0
76,359,1.0,1644428449722,0
76,467,1.0,1644429898228,0
76,420,1.0,1644429932409,0
76,502,1.0,1644430095442,0
76,385,1.0,1644430147252,0
76,496,1.0,1644430165561,0
76,455,1.0,1644432531824,0
76,488,1.0,1644435557036,0
76,395,1.0,1644442577889,0
76,484,1.0,1644453929022,0
76,373,1.0,1644454029244,0
76,378,1.0,1644455796814,0
76,412,1.0,1644459361945,0
76,501,1.0,1644463497350,0
76,442,1.0,1644464613566,0
76,383,1.0,1644466392557,0
76,403,1.0,1644467734394,0
76,361,1.0,1644468115287,0
76,346,1.0,1644470666208,0
76,397,1.0,1644472745922,0
76,499,1.0,1644473535380,0
76,404,1.0,1644474079558,0
76,456,1.0,1644485784660,0
76,438,1.0,1644508878525,0
76,339,1.0,1644509007012,0
76,320,1.0,1644521049339,0
76,393,1.0,1644526839886,0
76,465,1.0,1644529133795,0
76,425,1.0,1644534041979,0
76,387,1.0,1644536079993,0
76,503,1.0,1644540427721,0
76,525,1.0,1644545264183,0
76,332,1.0,1644587650017,0
76,433,1.0,1644587703185,0
76,482,1.0,1644588487144,0
76,334,1.0,1644594586820,0
76,69,1.0,1644598752704,0
76,411,1.0,1644598845058,0
76,417,1.0,1644600009201,0
76,349,1.0,1644600718733,0
76,497,1.0,1644601031333,0
76,446,1.0,1644602425317,0
76,516,1.0,1644602577123,0
76,416,1.0,1644604266230,0
76,342,1.0,1644604441577,0
76,440,1.0,1644605801490,0
76,406,1.0,1644607205280,0
76,473,1.0,1644607296743,0
76,435,1.0,1644609487491,0
76,464,1.0,1644609744485,0
76,421,1.0,1644610682251,0
76,372,1.0,1644615034123,0
76,428,1.0,1644619514057,0
76,386,1.0,1644623107921,0
76,479,1.0,1644629558122,0
76,437,1.0,1644632696628,0
76,451,1.0,1644634016490,0
76,517,1.0,1644646547609,0
76,478,1.0,1644648069964,0
76,318,1.0,1644666400288,0
76,461,1.0,1644670872828,0
76,458,1.0,1644685937513,0
76,512,1.0,1644686263284,0
76,337,1.0,1644688843665,0
76,498,1.0,1644691307740,0
76,375,1.0,1644734074717,0
76,357,1.0,1644754446209,0
76,336,1.0,1644756582093,0
76,509,1.0,1644756667237,0
76,414,1.0,1644756938134,0
76,518,1.0,1644757918423,0
76,390,1.0,1644758087200,0
76,462,1.0,1644758386024,0
76,413,1.0,1644759084926,0
76,415,1.0,1644760420578,0
76,475,1.0,1644760769646,0
76,323,1.0,1644763326325,0
76,441,1.0,1644763517342,0
76,504,1.0,1644766001113,0
76,348,1.0,1644768434142,0
76,480,1.0,1644768942805,0
76,459,1.0,1644770958495,0
76,401,1.0,1644772056078,0
76,353,1.0,1644772558878,0
76,481,1.0,1644773692679,0
76,513,1.0,1644773834257,0
76,524,1.0,1644773903434,0
76,356,1.0,1644773925213,0
76,485,1.0,1644774119743,0
76,487,1.0,1644774404669,0
76,317,1.0,1644774416951,0
76,448,1.0,1644774547379,0
76,399,1.0,1644774793897,0
76,407,1.0,1644776150619,0
76,389,1.0,1644776194243,0
76,328,1.0,1644776437167,0
76,457,1.0,1644776636346,0
76,445,1.0,1644777277541,0
76,449,1.0,1644777899660,0
76,335,1.0,1644778532398,0
76,351,1.0,1644779767129,0
76,508,1.0,1644779966767,0
76,418,1.0,1644780550493,0
76,374,1.0,1644782042176,0
76,422,1.0,1644783386661,0
76,490,1.0,1644783766443,0
76,333,1.0,1644783841606,0
76,470,1.0,1644786221035,0
76,423,1.0,1644794951553,0
76,486,1.0,1644795641732,0
76,400,1.0,1644797004186,0
76,500,1.0,1644798498470,0
76,408,1.0,1644799166381,0
76,96,1.0,1644801185802,0
76,329,1.0,1644803077707,0
76,409,1.0,1644804819390,0
76,327,1.0,1644805758436,0
76,468,1.0,1644805964186,0
76,431,1.0,1644806347189,0
76,331,1.0,1644809895270,0
76,494,1.0,1644810321729,0
76,419,1.0,1644812195553,0
76,507,1.0,1644813629154,0
76,474,1.0,1644816192504,0
76,354,1.0,1644816888479,0
76,358,1.0,1644818626169,0
76,392,1.0,1644821774715,0
76,405,1.0,1644825121373,0
76,325,1.0,1644834330422,0
76,447,1.0,1644836825153,0
76,469,1.0,1644837315776,0
76,521,1.0,1644837395627,0
76,25,1.0,1644842294970,0
76,23,1.0,1644842554473,0
76,355,1.0,1644851737791,0
76,341,1.0,1644854510103,0
76,398,1.0,1644857374942,0
76,519,1.0,1644858957185,0
76,511,1.0,1644859114426,0
76,360,1.0,1644860455722,0
76,391,1.0,1644861239167,0
76,340,1.0,1644861248927,0
76,454,1.0,1644861446030,0
76,402,1.0,1644861467757,0
76,491,1.0,1644869504975,0
76,368,1.0,1644880912158,0
76,365,1.0,1644889247130,0
76,396,1.0,1644927068148,0
76,427,1.0,1644930488814,0
76,460,1.0,1644933292047,0
76,444,1.0,1644934551627,0
76,523,1.0,1645027039880,0
76,376,1.0,1645145309531,0
76,377,1.0,1645198916321,0
76,366,1.0,1645218272356,0
76,510,1.0,1645375877503,0
76,50,1.0,1645593879995,0
76,324,1.0,1645595274599,0
76,380,1.0,1645596037653,0
76,350,1.0,1645622635757,0
76,319,1.0,1645719427061,0
76,430,1.0,1645868725442,0
76,493,1.0,1645876709225,0
76,345,1.0,1646284943559,0
76,286,1.0,1646337037320,0
76,204,1.0,1646362669493,0
76,124,1.0,1646502662708,0
76,505,1.0,1646567301984,0
76,443,1.0,1647419444495,0
76,492,1.0,1647420442761,0
76,394,1.0,1647509553386,0
76,352,1.0,1647509866111,0
76,369,1.0,1647536851235,0
76,367,1.0,1647537328326,0
76,347,1.0,1647607968624,0
76,520,1.0,1647608979368,0
76,8,1.0,1647792461567,0
76,548,1.0,1647883100494,0
76,42,1.0,1647884248697,0
76,53,1.0,1647904658528,0
76,129,1.0,1647912488692,0
76,221,1.0,1647914349310,0
76,556,1.0,1647916908827,0
76,254,1.0,1647917167591,0
76,40,1.0,1647918655578,0
76,187,1.0,1647920333592,0
76,64,1.0,1647923544750,0
76,249,1.0,1647924000259,0
76,154,1.0,1647925286150,0
76,98,1.0,1647939766788,1
76,228,1.0,1647941440441,2
77,70,1.0,1643154036547,0
77,382,1.0,1643164904585,0
77,94,1.0,1643382474885,0
77,46,1.0,1643630524686,0
77,91,1.0,1644473065314,1
77,8,1.0,1647792049648,2
78,472,1.0,1642088993294,0
78,72,1.0,1642845095303,0
78,70,1.0,1643189450996,0
78,46,1.0,1643855967097,0
78,91,1.0,1644472599231,0
78,124,1.0,1646505501777,0
78,450,1.0,1646591305297,1
78,8,1.0,1647792268264,2
79,97,1.0,1641727892617,0
79,22,1.0,1643161069272,0
79,70,1.0,1643250128852,0
79,46,1.0,1643856138303,0
79,181,1.0,1644846445965,0
79,45,1.0,1647612278381,1
79,8,1.0,1647792359279,2
80,249,1.0,1641977219738,0
80,371,1.0,1642635572916,0
80,72,1.0,1642845637037,0
80,158,1.0,1643367851534,1
80,8,1.0,1647792497045,2
81,239,1.0,1644414103744,0
81,91,1.0,1644473334532,0
81,284,1.0,1644480545466,0
81,25,1.0,1644854788215,0
81,52,1.0,1645616829249,0
81,505,1.0,1646567358735,1
81,8,1.0,1647791968877,2
82,23,1.0,1643376675492,0
82,94,1.0,1643382454543,0
82,46,1.0,1643630502362,0
82,452,1.0,1643742497943,0
82,506,1.0,1643779166559,0
82,505,1.0,1646567226669,1
82,8,1.0,1647792030271,2
83,362,1.0,1637208048138,0
83,424,1.0,1637230242396,0
83,522,1.0,1637234825426,0
83,471,1.0,1637296089831,0
83,526,1.0,1637411895281,0
83,95,1.0,1643289094701,0
83,224,1.0,1643289245956,0
83,55,1.0,1643290578138,0
83,22,1.0,1643292258210,0
83,344,1.0,1643303059302,0
83,63,1.0,1643308544240,0
83,9,1.0,1643338605630,0
83,249,1.0,1643350273747,0
83,281,1.0,1643354435729,0
83,94,1.0,1643382339670,0
83,450,1.0,1643383822858,0
83,321,1.0,1643428584855,0
83,370,1.0,1643464866886,0
83,103,1.0,1643592086238,0
83,326,1.0,1643608681502,0
83,46,1.0,1643630460962,0
83,75,1.0,1643740389229,0
83,452,1.0,1643742258090,0
83,48,1.0,1643776369848,0
83,49,1.0,1643776507484,0
83,506,1.0,1643779027368,0
83,71,1.0,1643818820208,0
83,338,1.0,1644075985629,0
83,410,1.0,1644076072188,0
83,74,1.0,1644084607992,0
83,110,1.0,1644352815465,0
83,429,1.0,1644421010679,0
83,439,1.0,1644421123148,0
83,515,1.0,1644421157044,0
83,483,1.0,1644421243341,0
83,436,1.0,1644421424297,0
83,514,1.0,1644422146323,0
83,453,1.0,1644422551220,0
83,466,1.0,1644423326162,0
83,434,1.0,1644423439729,0
83,363,1.0,1644423624166,0
83,364,1.0,1644424268255,0
83,343,1.0,1644424381097,0
83,527,1.0,1644424528947,0
83,426,1.0,1644424823003,0
83,322,1.0,1644425523129,0
83,384,1.0,1644425837689,0
83,495,1.0,1644426226345,0
83,379,1.0,1644426471263,0
83,489,1.0,1644426892638,0
83,330,1.0,1644427028745,0
83,432,1.0,1644427844701,0
83,463,1.0,1644428029138,0
83,477,1.0,1644428188121,0
83,388,1.0,1644428296525,0
83,476,1.0,1644428347684,0
83,359,1.0,1644428449722,0
83,467,1.0,1644429898228,0
83,420,1.0,1644429932409,0
83,502,1.0,1644430095442,0
83,385,1.0,1644430147252,0
83,496,1.0,1644430165561,0
83,455,1.0,1644432531824,0
83,488,1.0,1644435557036,0
83,395,1.0,1644442577889,0
83,484,1.0,1644453929022,0
83,373,1.0,1644454029244,0
83,378,1.0,1644455796814,0
83,412,1.0,1644459361945,0
83,501,1.0,1644463497350,0
83,442,1.0,1644464613566,0
83,383,1.0,1644466392557,0
83,403,1.0,1644467734394,0
83,361,1.0,1644468115287,0
83,346,1.0,1644470666208,0
83,397,1.0,1644472745922,0
83,499,1.0,1644473535380,0
83,404,1.0,1644474079558,0
83,456,1.0,1644485784660,0
83,438,1.0,1644508878525,0
83,339,1.0,1644509007012,0
83,320,1.0,1644521049339,0
83,393,1.0,1644526839886,0
83,465,1.0,1644529133795,0
83,425,1.0,1644534041979,0
83,387,1.0,1644536079993,0
83,503,1.0,1644540427721,0
83,525,1.0,1644545264183,0
83,332,1.0,1644587650017,0
83,433,1.0,1644587703185,0
83,482,1.0,1644588487144,0
83,334,1.0,1644594586820,0
83,69,1.0,1644598752704,0
83,411,1.0,1644598845058,0
83,417,1.0,1644600009201,0
83,349,1.0,1644600718733,0
83,497,1.0,1644601031333,0
83,446,1.0,1644602425317,0
83,516,1.0,1644602577123,0
83,416,1.0,1644604266230,0
83,342,1.0,1644604441577,0
83,440,1.0,1644605801490,0
83,406,1.0,1644607205280,0
83,473,1.0,1644607296743,0
83,435,1.0,1644609487491,0
83,464,1.0,1644609744485,0
83,421,1.0,1644610682251,0
83,372,1.0,1644615034123,0
83,428,1.0,1644619514057,0
83,386,1.0,1644623107921,0
83,479,1.0,1644629558122,0
83,437,1.0,1644632696628,0
83,451,1.0,1644634016490,0
83,517,1.0,1644646547609,0
83,478,1.0,1644648069964,0
83,318,1.0,1644666400288,0
83,461,1.0,1644670872828,0
83,458,1.0,1644685937513,0
83,512,1.0,1644686263284,0
83,337,1.0,1644688843665,0
83,498,1.0,1644691307740,0
83,375,1.0,1644734074717,0
83,357,1.0,1644754446209,0
83,336,1.0,1644756582093,0
83,509,1.0,1644756667237,0
83,414,1.0,1644756938134,0
83,518,1.0,1644757918423,0
83,390,1.0,1644758087200,0
83,462,1.0,1644758386024,0
83,413,1.0,1644759084926,0
83,415,1.0,1644760420578,0
83,475,1.0,1644760769646,0
83,323,1.0,1644763326325,0
83,441,1.0,1644763517342,0
83,504,1.0,1644766001113,0
83,348,1.0,1644768434142,0
83,480,1.0,1644768942805,0
83,459,1.0,1644770958495,0
83,401,1.0,1644772056078,0
83,353,1.0,1644772558878,0
83,481,1.0,1644773692679,0
83,513,1.0,1644773834257,0
83,524,1.0,1644773903434,0
83,356,1.0,1644773925213,0
83,485,1.0,1644774119743,0
83,487,1.0,1644774404669,0
83,317,1.0,1644774416951,0
83,448,1.0,1644774547379,0
83,399,1.0,1644774793897,0
83,407,1.0,1644776150619,0
83,389,1.0,1644776194243,0
83,328,1.0,1644776437167,0
83,457,1.0,1644776636346,0
83,445,1.0,1644777277541,0
83,449,1.0,1644777899660,0
83,335,1.0,1644778532398,0
83,351,1.0,1644779767129,0
83,508,1.0,1644779966767,0
83,418,1.0,1644780550493,0
83,374,1.0,1644782042176,0
83,422,1.0,1644783386661,0
83,490,1.0,1644783766443,0
83,333,1.0,1644783841606,0
83,470,1.0,1644786221035,0
83,423,1.0,1644794951553,0
83,486,1.0,1644795641732,0
83,400,1.0,1644797004186,0
83,500,1.0,1644798498470,0
83,408,1.0,1644799166381,0
83,96,1.0,1644801185802,0
83,329,1.0,1644803077707,0
83,409,1.0,1644804819390,0
83,327,1.0,1644805758436,0
83,468,1.0,1644805964186,0
83,431,1.0,1644806347189,0
83,331,1.0,1644809895270,0
83,494,1.0,1644810321729,0
83,419,1.0,1644812195553,0
83,507,1.0,1644813629154,0
83,474,1.0,1644816192504,0
83,354,1.0,1644816888479,0
83,358,1.0,1644818626169,0
83,392,1.0,1644821774715,0
83,405,1.0,1644825121373,0
83,325,1.0,1644834330422,0
83,447,1.0,1644836825153,0
83,469,1.0,1644837315776,0
83,521,1.0,1644837395627,0
83,25,1.0,1644842294970,0
83,23,1.0,1644842554473,0
83,355,1.0,1644851737791,0
83,341,1.0,1644854510103,0
83,398,1.0,1644857374942,0
83,519,1.0,1644858957185,0
83,511,1.0,1644859114426,0
83,360,1.0,1644860455722,0
83,391,1.0,1644861239167,0
83,340,1.0,1644861248927,0
83,454,1.0,1644861446030,0
83,402,1.0,1644861467757,0
83,491,1.0,1644869504975,0
83,368,1.0,1644880912158,0
83,365,1.0,1644889247130,0
83,396,1.0,1644927068148,0
83,427,1.0,1644930488814,0
83,460,1.0,1644933292047,0
83,444,1.0,1644934551627,0
83,523,1.0,1645027039880,0
83,376,1.0,1645145309531,0
83,377,1.0,1645198916321,0
83,366,1.0,1645218272356,0
83,510,1.0,1645375877503,0
83,50,1.0,1645593879995,0
83,324,1.0,1645595274599,0
83,380,1.0,1645596037653,0
83,350,1.0,1645622635757,0
83,319,1.0,1645719427061,0
83,430,1.0,1645868725442,0
83,493,1.0,1645876709225,0
83,345,1.0,1646284943559,0
83,286,1.0,1646337037320,0
83,204,1.0,1646362669493,0
83,124,1.0,1646502662708,0
83,505,1.0,1646567301984,0
83,443,1.0,1647419444495,0
83,492,1.0,1647420442761,0
83,394,1.0,1647509553386,0
83,352,1.0,1647509866111,0
83,369,1.0,1647536851235,0
83,367,1.0,1647537328326,0
83,347,1.0,1647607968624,0
83,520,1.0,1647608979368,1
83,8,1.0,1647791997560,2
84,55,1.0,1642849459124,0
84,537,1.0,1643548116217,0
84,338,1.0,1644075938502,0
84,410,1.0,1644076058287,1
84,8,1.0,1647792084954,2
85,9,1.0,1645706589855,0
85,42,1.0,1645707012509,0
85,548,1.0,1645917881548,0
85,347,1.0,1647608032493,1
85,520,1.0,1647608821736,2
86,10,1.0,1621246730993,0
86,529,1.0,1621249748696,0
86,44,1.0,1621250916228,0
86,38,1.0,1621251131210,0
86,536,1.0,1621251695284,1
86,39,1.0,1621604638529,2
87,10,1.0,1620190256854,0
87,39,1.0,1620190374085,0
87,529,1.0,1620191293383,0
87,536,1.0,1620191867913,0
87,38,1.0,1620193643078,0
87,77,1.0,1620193957962,1
87,44,1.0,1620194663016,2
88,38,1.0,1626089732328,0
88,77,1.0,1626090020775,0
88,44,1.0,1626090327710,0
88,10,1.0,1626090795820,1
88,529,1.0,1626091017921,2
89,10,1.0,1620901440786,0
89,77,1.0,1620901721608,0
89,38,1.0,1620902490999,0
89,44,1.0,1620906579390,1
89,39,1.0,1620906723123,2
90,39,1.0,1621856024080,0
90,529,1.0,1621857277156,0
90,38,1.0,1621859689316,0
90,10,1.0,1621863006679,0
90,536,1.0,1621863637241,1
90,77,1.0,1621864875691,2
91,83,1.0,1642854652617,0
91,82,1.0,1642865332577,0
91,81,1.0,1643475181568,0
91,84,1.0,1644088766460,1
91,11,1.0,1644675890916,2
92,93,1.0,1629907576408,0
92,83,1.0,1642855004436,0
92,82,1.0,1642865725690,0
92,92,1.0,1643884401012,0
92,84,1.0,1644088885093,1
92,11,1.0,1644676061907,2
93,83,1.0,1642855095537,0
93,82,1.0,1642865881661,0
93,92,1.0,1643884371837,0
93,84,1.0,1644088917478,1
93,11,1.0,1644676127716,2
94,93,1.0,1629907493501,0
94,83,1.0,1642854816571,0
94,82,1.0,1642865470273,0
94,81,1.0,1643475244692,0
94,84,1.0,1644088798486,1
94,11,1.0,1644675955126,2
95,83,1.0,1642855219806,0
95,82,1.0,1642866153643,0
95,92,1.0,1643884322601,0
95,84,1.0,1644089063189,1
95,11,1.0,1644676244554,2
96,83,1.0,1642855080626,0
96,82,1.0,1642865855619,0
96,92,1.0,1643884376670,0
96,84,1.0,1644088910714,1
96,11,1.0,1644676115811,2
97,93,1.0,1629907510001,0
97,83,1.0,1642854868638,0
97,82,1.0,1642865519506,0
97,84,1.0,1644088809297,1
97,11,1.0,1644675981367,2
98,83,1.0,1642855173654,0
98,82,1.0,1642866050325,0
98,92,1.0,1643884338631,0
98,84,1.0,1644089043988,1
98,11,1.0,1644676197016,2
99,83,1.0,1642855280405,0
99,82,1.0,1642866315534,0
99,81,1.0,1643475611189,0
99,92,1.0,1643884303458,0
99,84,1.0,1644089084113,1
99,11,1.0,1644676279976,2
100,93,1.0,1629907587619,0
100,83,1.0,1642855015983,0
100,82,1.0,1642865766778,0
100,92,1.0,1643884396371,0
100,84,1.0,1644088889757,1
100,11,1.0,1644676071123,2
101,93,1.0,1629907542721,0
101,83,1.0,1642854963872,0
101,82,1.0,1642865639316,0
101,84,1.0,1644088864138,1
101,11,1.0,1644676028295,2
102,83,1.0,1642855041760,0
102,82,1.0,1642865809578,0
102,81,1.0,1643475399257,0
102,92,1.0,1643884386836,0
102,84,1.0,1644088899324,1
102,11,1.0,1644676090660,2
103,93,1.0,1629907553098,0
103,83,1.0,1642854975256,0
103,82,1.0,1642865661125,0
103,84,1.0,1644088870736,1
103,11,1.0,1644676042414,2
104,93,1.0,1629907473276,0
104,83,1.0,1642854711249,0
104,82,1.0,1642865391454,0
104,84,1.0,1644088782854,1
104,11,1.0,1644675917819,2
105,83,1.0,1642854989351,0
105,82,1.0,1642865677058,0
105,92,1.0,1643884405868,0
105,84,1.0,1644088880324,1
105,11,1.0,1644676052635,2
106,82,1.0,1642866256886,0
106,81,1.0,1643475577051,0
106,92,1.0,1643884313033,0
106,84,1.0,1644089074022,1
106,11,1.0,1644676262791,2
107,83,1.0,1642855152004,0
107,82,1.0,1642866004599,0
107,92,1.0,1643884349471,0
107,84,1.0,1644089031540,1
107,11,1.0,1644676172010,2
108,14,1.0,1555503255304,0
108,37,1.0,1555503268691,0
108,13,1.0,1555503381775,0
108,102,1.0,1555506486264,1
108,12,1.0,1557702473644,2
109,17,1.0,1554007818927,0
109,15,1.0,1554007938758,0
109,16,1.0,1554008054474,0
109,80,1.0,1558082946092,1
109,12,1.0,1558577770424,2
110,33,1.0,1557400139232,0
110,43,1.0,1557400159269,0
110,13,1.0,1557403068730,0
110,32,1.0,1557450486207,1
110,12,1.0,1557626103219,2
111,37,1.0,1554095358811,0
111,534,1.0,1554096038084,0
111,68,1.0,1554099137133,0
111,535,1.0,1554099844033,0
111,13,1.0,1554107688864,0
111,33,1.0,1554122834009,0
111,32,1.0,1554198529411,1
111,12,1.0,1558577722161,2
112,14,1.0,1556852623154,0
112,33,1.0,1556853665502,0
112,13,1.0,1556856700548,0
112,68,1.0,1556858885853,1
112,12,1.0,1557365359176,2
113,32,1.0,1556453716540,0
113,33,1.0,1556454086169,0
113,13,1.0,1556454980658,0
113,56,1.0,1556460409669,1
113,12,1.0,1557701812427,2
114,37,1.0,1553940034848,0
114,17,1.0,1553940406390,0
114,15,1.0,1553940441404,0
114,13,1.0,1553940458914,0
114,535,1.0,1554015151554,0
114,68,1.0,1554099104208,0
114,67,1.0,1554217784422,1
114,12,1.0,1558577796625,2
115,37,1.0,1553669597510,0
115,68,1.0,1553670029992,0
115,102,1.0,1553674510349,0
115,13,1.0,1553677551973,0
115,33,1.0,1553690012730,0
115,534,1.0,1553856943755,0
115,535,1.0,1554014266261,0
115,80,1.0,1554034475716,1
115,99,1.0,1636603013089,2
116,17,1.0,1557494269790,0
116,15,1.0,1557494367338,0
116,16,1.0,1557494512170,0
116,13,1.0,1557495262037,0
116,43,1.0,1557495282616,1
116,68,1.0,1557535370108,2
117,32,1.0,1544610491658,0
117,17,1.0,1544610652435,0
117,549,1.0,1544610686945,0
117,15,1.0,1544610720288,1
117,51,1.0,1567231241233,2
118,17,1.0,1538612458074,0
118,15,1.0,1538612521386,0
118,102,1.0,1538616186350,0
118,80,1.0,1539013226552,1
118,51,1.0,1567226549016,2
119,76,1.0,1539405460093,0
119,17,1.0,1539405511474,0
119,15,1.0,1539405560595,0
119,68,1.0,1539431307189,1
119,85,1.0,1539445616637,2
120,36,1.0,1615124147142,0
120,35,1.0,1620050551700,0
120,34,1.0,1621935319771,0
120,26,1.0,1626267840518,0
120,21,1.0,1627643344014,1
120,19,1.0,1628485372207,2
121,36,1.0,1615124019420,0
121,34,1.0,1621935286971,0
121,21,1.0,1627643452635,0
121,19,1.0,1628485461324,1
121,20,1.0,1629899450561,2
122,36,1.0,1615123857129,0
122,35,1.0,1620008553419,0
122,34,1.0,1621935241245,0
122,26,1.0,1626268735928,0
122,21,1.0,1627643573545,1
122,19,1.0,1628485691027,2
123,36,1.0,1615123991016,0
123,34,1.0,1621935279172,0
123,26,1.0,1626311459331,0
123,21,1.0,1627643479952,1
123,19,1.0,1628485490124,2
124,34,1.0,1621935271451,0
124,26,1.0,1626268621856,0
124,21,1.0,1627643498863,0
124,19,1.0,1628485529398,1
124,20,1.0,1629899549096,2
125,35,1.0,1606043293553,0
125,36,1.0,1615122307051,0
125,34,1.0,1621934405225,0
125,26,1.0,1626230262760,1
125,20,1.0,1629901101150,2
126,35,1.0,1620107219099,0
126,34,1.0,1621934376792,0
126,26,1.0,1626229883481,0
126,21,1.0,1627649169653,1
126,20,1.0,1629901264820,2
127,36,1.0,1615122252360,0
127,35,1.0,1619932344541,0
127,34,1.0,1621934390132,0
127,26,1.0,1626230053373,1
127,20,1.0,1629901149150,2
128,22,1.0,1643459328031,0
128,75,1.0,1643740145000,0
128,74,1.0,1643778371930,0
128,71,1.0,1643821204256,0
128,25,1.0,1644842406154,1
128,23,1.0,1644842619275,2
129,55,1.0,1644145658020,0
129,91,1.0,1644287292233,0
129,174,1.0,1644376144091,0
129,22,1.0,1644727668396,0
129,25,1.0,1644842737846,0
129,23,1.0,1644842795312,0
129,286,1.0,1646741061653,1
129,204,1.0,1646741164525,2
130,72,1.0,1642845410116,0
130,22,1.0,1643202377186,0
130,70,1.0,1643253836967,0
130,124,1.0,1646504942588,1
130,45,1.0,1647612212913,2
131,63,1.0,1642620040897,0
131,72,1.0,1642845084580,0
131,70,1.0,1643189435861,0
131,22,1.0,1643330913302,0
131,71,1.0,1643819026774,0
131,46,1.0,1643855956468,0
131,181,1.0,1644849054142,1
131,45,1.0,1647612366636,2
132,72,1.0,1642845516530,0
132,22,1.0,1643254215685,0
132,70,1.0,1643283743667,0
132,91,1.0,1644472295346,1
132,50,1.0,1645592176685,2
133,55,1.0,1643261226035,0
133,94,1.0,1643382392540,0
133,129,1.0,1643416135588,0
133,154,1.0,1643421579414,0
133,74,1.0,1643630454695,0
133,75,1.0,1643739917828,0
133,25,1.0,1644842218780,0
133,23,1.0,1644842514503,1
133,505,1.0,1646567275560,2
134,224,1.0,1641995102972,0
134,272,1.0,1642275571098,0
134,97,1.0,1642688731842,0
134,249,1.0,1643611793116,0
134,71,1.0,1643819058810,0
134,46,1.0,1643856008553,0
134,281,1.0,1644333526021,0
134,210,1.0,1644394719231,0
134,291,1.0,1644395198757,0
134,169,1.0,1644395830274,0
134,47,1.0,1644773772951,0
134,181,1.0,1644849081382,0
134,110,1.0,1645646259667,0
134,121,1.0,1645978819174,0
134,41,1.0,1646222741396,0
134,248,1.0,1646233360570,0
134,255,1.0,1646233530581,0
134,297,1.0,1646233715440,0
134,199,1.0,1646233790243,0
134,172,1.0,1646233837504,0
134,282,1.0,1646233853721,0
134,191,1.0,1646233868682,0
134,198,1.0,1646233923966,0
134,112,1.0,1646234722375,0
134,123,1.0,1646234866413,0
134,170,1.0,1646234918367,0
134,235,1.0,1646234971768,0
134,157,1.0,1646234982003,0
134,131,1.0,1646235280096,0
134,214,1.0,1646235325394,0
134,287,1.0,1646235622133,0
134,151,1.0,1646235884884,0
134,242,1.0,1646236124713,0
134,209,1.0,1646236171557,0
134,250,1.0,1646236179436,0
134,98,1.0,1646236220324,0
134,260,1.0,1646236269912,0
134,267,1.0,1646236366361,0
134,145,1.0,1646236557577,0
134,225,1.0,1646236864334,0
134,185,1.0,1646237706403,0
134,200,1.0,1646237835498,0
134,259,1.0,1646237913621,0
134,312,1.0,1646237970323,0
134,289,1.0,1646238008052,0
134,160,1.0,1646238148891,0
134,262,1.0,1646238323181,0
134,105,1.0,1646238653968,0
134,264,1.0,1646238804216,0
134,166,1.0,1646240088315,0
134,218,1.0,1646240723314,0
134,140,1.0,1646240823781,0
134,208,1.0,1646241472389,0
134,107,1.0,1646245764833,0
134,148,1.0,1646248563344,0
134,197,1.0,1646249993512,0
134,178,1.0,1646251297448,0
134,168,1.0,1646252291672,0
134,141,1.0,1646257446435,0
134,195,1.0,1646259588391,0
134,307,1.0,1646260271560,0
134,54,1.0,1646260663675,0
134,284,1.0,1646261402933,0
134,313,1.0,1646261563415,0
134,132,1.0,1646261666164,0
134,276,1.0,1646262122230,0
134,303,1.0,1646262262293,0
134,173,1.0,1646263433747,0
134,174,1.0,1646263579686,0
134,165,1.0,1646265009986,0
134,314,1.0,1646265412258,0
134,134,1.0,1646266687414,0
134,254,1.0,1646268263034,0
134,118,1.0,1646268372266,0
134,234,1.0,1646269664524,0
134,211,1.0,1646272004907,0
134,62,1.0,1646272316730,0
134,239,1.0,1646274338744,0
134,270,1.0,1646274425601,0
134,188,1.0,1646275539585,0
134,253,1.0,1646275964424,0
134,192,1.0,1646277418008,0
134,299,1.0,1646277731727,0
134,237,1.0,1646278285485,0
134,111,1.0,1646279310652,0
134,177,1.0,1646281018599,0
134,244,1.0,1646281161646,0
134,309,1.0,1646281622006,0
134,286,1.0,1646281881165,0
134,204,1.0,1646282198948,0
134,275,1.0,1646282966210,0
134,119,1.0,1646283022901,0
134,147,1.0,1646283085181,0
134,182,1.0,1646283150189,0
134,146,1.0,1646283536119,0
134,223,1.0,1646283563939,0
134,183,1.0,1646284135840,0
134,245,1.0,1646284412217,0
134,227,1.0,1646284588347,0
134,193,1.0,1646284819709,0
134,143,1.0,1646285009425,0
134,117,1.0,1646286230177,0
134,125,1.0,1646286527721,0
134,153,1.0,1646286748204,0
134,263,1.0,1646289457991,0
134,316,1.0,1646289917148,0
134,155,1.0,1646292458301,0
134,162,1.0,1646293445724,0
134,311,1.0,1646293801075,0
134,184,1.0,1646294083100,0
134,295,1.0,1646294691648,0
134,203,1.0,1646295366828,0
134,175,1.0,1646295858319,0
134,308,1.0,1646297636013,0
134,278,1.0,1646297976263,0
134,78,1.0,1646297985751,0
134,251,1.0,1646299322950,0
134,301,1.0,1646300177984,0
134,305,1.0,1646300285376,0
134,293,1.0,1646300637636,0
134,215,1.0,1646300759632,0
134,252,1.0,1646300775528,0
134,113,1.0,1646301055683,0
134,258,1.0,1646301461619,0
134,285,1.0,1646302023875,0
134,285,1.0,1646302023875,0
134,306,1.0,1646302102463,0
134,269,1.0,1646302795893,0
134,271,1.0,1646303403653,0
134,108,1.0,1646303849251,0
134,274,1.0,1646304238750,0
134,222,1.0,1646304240005,0
134,232,1.0,1646304290585,0
134,298,1.0,1646304515756,0
134,164,1.0,1646304568943,0
134,189,1.0,1646304585814,0
134,139,1.0,1646304902552,0
134,300,1.0,1646305174080,0
134,238,1.0,1646305279781,0
134,233,1.0,1646305475284,0
134,292,1.0,1646305857576,0
134,120,1.0,1646305959347,0
134,207,1.0,1646306017522,0
134,24,1.0,1646306121823,0
134,219,1.0,1646306160843,0
134,176,1.0,1646306317528,0
134,161,1.0,1646306448897,0
134,138,1.0,1646306866437,0
134,144,1.0,1646307783921,0
134,265,1.0,1646308769792,0
134,136,1.0,1646309141724,0
134,213,1.0,1646309253284,0
134,296,1.0,1646309299297,0
134,226,1.0,1646309313089,0
134,152,1.0,1646309473963,0
134,126,1.0,1646309624151,0
134,256,1.0,1646311021616,0
134,294,1.0,1646311050671,0
134,116,1.0,1646311185217,0
134,135,1.0,1646311287676,0
134,240,1.0,1646311418287,0
134,212,1.0,1646311429340,0
134,266,1.0,1646311459372,0
134,217,1.0,1646311483387,0
134,261,1.0,1646311616847,0
134,315,1.0,1646311709584,0
134,163,1.0,1646312051858,0
134,159,1.0,1646312166446,0
134,246,1.0,1646312201074,0
134,229,1.0,1646312820121,0
134,122,1.0,1646313592899,0
134,106,1.0,1646313666594,0
134,133,1.0,1646314156720,0
134,128,1.0,1646314198458,0
134,115,1.0,1646314412769,0
134,247,1.0,1646314515768,0
134,290,1.0,1646314526185,0
134,288,1.0,1646314598333,0
134,201,1.0,1646314879467,0
134,206,1.0,1646315130117,0
134,236,1.0,1646315190341,0
134,231,1.0,1646315725209,0
134,149,1.0,1646315882246,0
134,243,1.0,1646315953579,0
134,257,1.0,1646318092945,0
134,190,1.0,1646319376700,0
134,277,1.0,1646321077201,0
134,280,1.0,1646328647452,0
134,150,1.0,1646344777670,0
134,109,1.0,1646346578417,0
134,302,1.0,1646350051437,0
134,142,1.0,1646350666476,0
134,230,1.0,1646367050129,0
134,279,1.0,1646367816206,0
134,196,1.0,1646376572343,0
134,179,1.0,1646383290983,0
134,194,1.0,1646384179441,0
134,205,1.0,1646389151858,0
134,114,1.0,1646393464147,0
134,202,1.0,1646402685140,0
134,171,1.0,1646417597510,0
134,220,1.0,1646443052876,0
134,241,1.0,1646456146479,0
134,180,1.0,1646459645480,0
134,104,1.0,1646477668257,0
134,268,1.0,1646484484247,0
134,124,1.0,1646500237371,0
134,216,1.0,1646501342720,0
134,156,1.0,1646568944553,0
134,283,1.0,1646584887858,0
134,137,1.0,1646757226724,0
134,130,1.0,1646836900347,0
134,167,1.0,1646848921212,0
134,127,1.0,1646891414536,0
134,310,1.0,1646932553507,0
134,129,1.0,1646996394050,0
134,154,1.0,1646996462418,0
134,158,1.0,1647059834203,0
134,186,1.0,1647147824862,0
134,273,1.0,1647486640289,0
134,304,1.0,1647486659943,0
134,187,1.0,1647799365734,0
134,228,1.0,1647874259544,1
134,221,1.0,1647914154796,2
135,41,1.0,1646222741396,0
135,248,1.0,1646233360570,0
135,255,1.0,1646233530581,0
135,297,1.0,1646233715440,0
135,199,1.0,1646233790243,0
135,172,1.0,1646233837504,0
135,282,1.0,1646233853721,0
135,191,1.0,1646233868682,0
135,198,1.0,1646233923966,0
135,112,1.0,1646234722375,0
135,123,1.0,1646234866413,0
135,170,1.0,1646234918367,0
135,235,1.0,1646234971768,0
135,157,1.0,1646234982003,0
135,131,1.0,1646235280096,0
135,214,1.0,1646235325394,0
135,287,1.0,1646235622133,0
135,151,1.0,1646235884884,0
135,242,1.0,1646236124713,0
135,209,1.0,1646236171557,0
135,250,1.0,1646236179436,0
135,98,1.0,1646236220324,0
135,260,1.0,1646236269912,0
135,267,1.0,1646236366361,0
135,145,1.0,1646236557577,0
135,225,1.0,1646236864334,0
135,185,1.0,1646237706403,0
135,200,1.0,1646237835498,0
135,259,1.0,1646237913621,0
135,312,1.0,1646237970323,0
135,289,1.0,1646238008052,0
135,160,1.0,1646238148891,0
135,262,1.0,1646238323181,0
135,105,1.0,1646238653968,0
135,264,1.0,1646238804216,0
135,166,1.0,1646240088315,0
135,218,1.0,1646240723314,0
135,140,1.0,1646240823781,0
135,208,1.0,1646241472389,0
135,107,1.0,1646245764833,0
135,148,1.0,1646248563344,0
135,197,1.0,1646249993512,0
135,178,1.0,1646251297448,0
135,168,1.0,1646252291672,0
135,141,1.0,1646257446435,0
135,195,1.0,1646259588391,0
135,307,1.0,1646260271560,0
135,54,1.0,1646260663675,0
135,284,1.0,1646261402933,0
135,313,1.0,1646261563415,0
135,132,1.0,1646261666164,0
135,276,1.0,1646262122230,0
135,303,1.0,1646262262293,0
135,173,1.0,1646263433747,0
135,174,1.0,1646263579686,0
135,165,1.0,1646265009986,0
135,314,1.0,1646265412258,0
135,134,1.0,1646266687414,0
135,254,1.0,1646268263034,0
135,118,1.0,1646268372266,0
135,234,1.0,1646269664524,0
135,211,1.0,1646272004907,0
135,62,1.0,1646272316730,0
135,239,1.0,1646274338744,0
135,270,1.0,1646274425601,0
135,188,1.0,1646275539585,0
135,253,1.0,1646275964424,0
135,192,1.0,1646277418008,0
135,299,1.0,1646277731727,0
135,237,1.0,1646278285485,0
135,111,1.0,1646279310652,0
135,177,1.0,1646281018599,0
135,244,1.0,1646281161646,0
135,309,1.0,1646281622006,0
135,286,1.0,1646281881165,0
135,204,1.0,1646282198948,0
135,275,1.0,1646282966210,0
135,119,1.0,1646283022901,0
135,147,1.0,1646283085181,0
135,182,1.0,1646283150189,0
135,146,1.0,1646283536119,0
135,223,1.0,1646283563939,0
135,183,1.0,1646284135840,0
135,245,1.0,1646284412217,0
135,227,1.0,1646284588347,0
135,193,1.0,1646284819709,0
135,143,1.0,1646285009425,0
135,117,1.0,1646286230177,0
135,125,1.0,1646286527721,0
135,153,1.0,1646286748204,0
135,263,1.0,1646289457991,0
135,316,1.0,1646289917148,0
135,155,1.0,1646292458301,0
135,162,1.0,1646293445724,0
135,311,1.0,1646293801075,0
135,184,1.0,1646294083100,0
135,295,1.0,1646294691648,0
135,203,1.0,1646295366828,0
135,175,1.0,1646295858319,0
135,308,1.0,1646297636013,0
135,278,1.0,1646297976263,0
135,78,1.0,1646297985751,0
135,251,1.0,1646299322950,0
135,301,1.0,1646300177984,0
135,305,1.0,1646300285376,0
135,293,1.0,1646300637636,0
135,215,1.0,1646300759632,0
135,252,1.0,1646300775528,0
135,113,1.0,1646301055683,0
135,258,1.0,1646301461619,0
135,285,1.0,1646302023875,0
135,285,1.0,1646302023875,0
135,306,1.0,1646302102463,0
135,269,1.0,1646302795893,0
135,271,1.0,1646303403653,0
135,108,1.0,1646303849251,0
135,274,1.0,1646304238750,0
135,222,1.0,1646304240005,0
135,232,1.0,1646304290585,0
135,298,1.0,1646304515756,0
135,164,1.0,1646304568943,0
135,189,1.0,1646304585814,0
135,139,1.0,1646304902552,0
135,300,1.0,1646305174080,0
135,238,1.0,1646305279781,0
135,233,1.0,1646305475284,0
135,292,1.0,1646305857576,0
135,120,1.0,1646305959347,0
135,207,1.0,1646306017522,0
135,24,1.0,1646306121823,0
135,219,1.0,1646306160843,0
135,176,1.0,1646306317528,0
135,161,1.0,1646306448897,0
135,138,1.0,1646306866437,0
135,144,1.0,1646307783921,0
135,265,1.0,1646308769792,0
135,136,1.0,1646309141724,0
135,213,1.0,1646309253284,0
135,296,1.0,1646309299297,0
135,226,1.0,1646309313089,0
135,152,1.0,1646309473963,0
135,126,1.0,1646309624151,0
135,256,1.0,1646311021616,0
135,294,1.0,1646311050671,0
135,116,1.0,1646311185217,0
135,135,1.0,1646311287676,0
135,240,1.0,1646311418287,0
135,212,1.0,1646311429340,0
135,266,1.0,1646311459372,0
135,217,1.0,1646311483387,0
135,261,1.0,1646311616847,0
135,315,1.0,1646311709584,0
135,163,1.0,1646312051858,0
135,159,1.0,1646312166446,0
135,246,1.0,1646312201074,0
135,229,1.0,1646312820121,0
135,122,1.0,1646313592899,0
135,106,1.0,1646313666594,0
135,133,1.0,1646314156720,0
135,128,1.0,1646314198458,0
135,115,1.0,1646314412769,0
135,247,1.0,1646314515768,0
135,290,1.0,1646314526185,0
135,288,1.0,1646314598333,0
135,201,1.0,1646314879467,0
135,206,1.0,1646315130117,0
135,236,1.0,1646315190341,0
135,231,1.0,1646315725209,0
135,149,1.0,1646315882246,0
135,243,1.0,1646315953579,0
135,257,1.0,1646318092945,0
135,190,1.0,1646319376700,0
135,277,1.0,1646321077201,0
135,280,1.0,1646328647452,0
135,150,1.0,1646344777670,0
135,109,1.0,1646346578417,0
135,302,1.0,1646350051437,0
135,142,1.0,1646350666476,0
135,230,1.0,1646367050129,0
135,279,1.0,1646367816206,0
135,196,1.0,1646376572343,0
135,179,1.0,1646383290983,0
135,194,1.0,1646384179441,0
135,205,1.0,1646389151858,0
135,114,1.0,1646393464147,0
135,202,1.0,1646402685140,0
135,171,1.0,1646417597510,0
135,220,1.0,1646443052876,0
135,241,1.0,1646456146479,0
135,180,1.0,1646459645480,0
135,104,1.0,1646477668257,0
135,268,1.0,1646484484247,0
135,124,1.0,1646500237371,0
135,216,1.0,1646501342720,0
135,156,1.0,1646568944553,0
135,283,1.0,1646584887858,0
135,137,1.0,1646757226724,0
135,130,1.0,1646836900347,0
135,167,1.0,1646848921212,0
135,127,1.0,1646891414536,0
135,310,1.0,1646932553507,0
135,129,1.0,1646996394050,0
135,154,1.0,1646996462418,0
135,158,1.0,1647059834203,0
135,186,1.0,1647147824862,0
135,273,1.0,1647486640289,1
135,304,1.0,1647486659943,2
136,224,1.0,1641995102972,0
136,272,1.0,1642275571098,0
136,249,1.0,1643611793116,0
136,71,1.0,1643819058810,0
136,46,1.0,1643856008553,0
136,281,1.0,1644333526021,0
136,210,1.0,1644394719231,0
136,291,1.0,1644395198757,0
136,169,1.0,1644395830274,0
136,47,1.0,1644773772951,0
136,181,1.0,1644849081382,0
136,110,1.0,1645646259667,0
136,121,1.0,1645978819174,0
136,41,1.0,1646222741396,0
136,248,1.0,1646233360570,0
136,255,1.0,1646233530581,0
136,297,1.0,1646233715440,0
136,199,1.0,1646233790243,0
136,172,1.0,1646233837504,0
136,282,1.0,1646233853721,0
136,191,1.0,1646233868682,0
136,198,1.0,1646233923966,0
136,112,1.0,1646234722375,0
136,123,1.0,1646234866413,0
136,170,1.0,1646234918367,0
136,235,1.0,1646234971768,0
136,157,1.0,1646234982003,0
136,131,1.0,1646235280096,0
136,214,1.0,1646235325394,0
136,287,1.0,1646235622133,0
136,151,1.0,1646235884884,0
136,242,1.0,1646236124713,0
136,209,1.0,1646236171557,0
136,250,1.0,1646236179436,0
136,98,1.0,1646236220324,0
136,260,1.0,1646236269912,0
136,267,1.0,1646236366361,0
136,145,1.0,1646236557577,0
136,225,1.0,1646236864334,0
136,185,1.0,1646237706403,0
136,200,1.0,1646237835498,0
136,259,1.0,1646237913621,0
136,312,1.0,1646237970323,0
136,289,1.0,1646238008052,0
136,160,1.0,1646238148891,0
136,262,1.0,1646238323181,0
136,105,1.0,1646238653968,0
136,264,1.0,1646238804216,0
136,166,1.0,1646240088315,0
136,218,1.0,1646240723314,0
136,140,1.0,1646240823781,0
136,208,1.0,1646241472389,0
136,107,1.0,1646245764833,0
136,148,1.0,1646248563344,0
136,197,1.0,1646249993512,0
136,178,1.0,1646251297448,0
136,168,1.0,1646252291672,0
136,141,1.0,1646257446435,0
136,195,1.0,1646259588391,0
136,307,1.0,1646260271560,0
136,54,1.0,1646260663675,0
136,284,1.0,1646261402933,0
136,313,1.0,1646261563415,0
136,132,1.0,1646261666164,0
136,276,1.0,1646262122230,0
136,303,1.0,1646262262293,0
136,173,1.0,1646263433747,0
136,174,1.0,1646263579686,0
136,165,1.0,1646265009986,0
136,314,1.0,1646265412258,0
136,134,1.0,1646266687414,0
136,254,1.0,1646268263034,0
136,118,1.0,1646268372266,0
136,234,1.0,1646269664524,0
136,211,1.0,1646272004907,0
136,62,1.0,1646272316730,0
136,239,1.0,1646274338744,0
136,270,1.0,1646274425601,0
136,188,1.0,1646275539585,0
136,253,1.0,1646275964424,0
136,192,1.0,1646277418008,0
136,299,1.0,1646277731727,0
136,237,1.0,1646278285485,0
136,111,1.0,1646279310652,0
136,177,1.0,1646281018599,0
136,244,1.0,1646281161646,0
136,309,1.0,1646281622006,0
136,286,1.0,1646281881165,0
136,204,1.0,1646282198948,0
136,275,1.0,1646282966210,0
136,119,1.0,1646283022901,0
136,147,1.0,1646283085181,0
136,182,1.0,1646283150189,0
136,146,1.0,1646283536119,0
136,223,1.0,1646283563939,0
136,183,1.0,1646284135840,0
136,245,1.0,1646284412217,0
136,227,1.0,1646284588347,0
136,193,1.0,1646284819709,0
136,143,1.0,1646285009425,0
136,117,1.0,1646286230177,0
136,125,1.0,1646286527721,0
136,153,1.0,1646286748204,0
136,263,1.0,1646289457991,0
136,316,1.0,1646289917148,0
136,155,1.0,1646292458301,0
136,162,1.0,1646293445724,0
136,311,1.0,1646293801075,0
136,184,1.0,1646294083100,0
136,295,1.0,1646294691648,0
136,203,1.0,1646295366828,0
136,175,1.0,1646295858319,0
136,308,1.0,1646297636013,0
136,278,1.0,1646297976263,0
136,78,1.0,1646297985751,0
136,251,1.0,1646299322950,0
136,301,1.0,1646300177984,0
136,305,1.0,1646300285376,0
136,293,1.0,1646300637636,0
136,215,1.0,1646300759632,0
136,252,1.0,1646300775528,0
136,113,1.0,1646301055683,0
136,258,1.0,1646301461619,0
136,285,1.0,1646302023875,0
136,285,1.0,1646302023875,0
136,306,1.0,1646302102463,0
136,269,1.0,1646302795893,0
136,271,1.0,1646303403653,0
136,108,1.0,1646303849251,0
136,274,1.0,1646304238750,0
136,222,1.0,1646304240005,0
136,232,1.0,1646304290585,0
136,298,1.0,1646304515756,0
136,164,1.0,1646304568943,0
136,189,1.0,1646304585814,0
136,139,1.0,1646304902552,0
136,300,1.0,1646305174080,0
136,238,1.0,1646305279781,0
136,233,1.0,1646305475284,0
136,292,1.0,1646305857576,0
136,120,1.0,1646305959347,0
136,207,1.0,1646306017522,0
136,24,1.0,1646306121823,0
136,219,1.0,1646306160843,0
136,176,1.0,1646306317528,0
136,161,1.0,1646306448897,0
136,138,1.0,1646306866437,0
136,144,1.0,1646307783921,0
136,265,1.0,1646308769792,0
136,136,1.0,1646309141724,0
136,213,1.0,1646309253284,0
136,296,1.0,1646309299297,0
136,226,1.0,1646309313089,0
136,152,1.0,1646309473963,0
136,126,1.0,1646309624151,0
136,256,1.0,1646311021616,0
136,294,1.0,1646311050671,0
136,116,1.0,1646311185217,0
136,135,1.0,1646311287676,0
136,240,1.0,1646311418287,0
136,212,1.0,1646311429340,0
136,266,1.0,1646311459372,0
136,217,1.0,1646311483387,0
136,261,1.0,1646311616847,0
136,315,1.0,1646311709584,0
136,163,1.0,1646312051858,0
136,159,1.0,1646312166446,0
136,246,1.0,1646312201074,0
136,229,1.0,1646312820121,0
136,122,1.0,1646313592899,0
136,106,1.0,1646313666594,0
136,133,1.0,1646314156720,0
136,128,1.0,1646314198458,0
136,115,1.0,1646314412769,0
136,247,1.0,1646314515768,0
136,290,1.0,1646314526185,0
136,288,1.0,1646314598333,0
136,201,1.0,1646314879467,0
136,206,1.0,1646315130117,0
136,236,1.0,1646315190341,0
136,231,1.0,1646315725209,0
136,149,1.0,1646315882246,0
136,243,1.0,1646315953579,0
136,257,1.0,1646318092945,0
136,190,1.0,1646319376700,0
136,277,1.0,1646321077201,0
136,280,1.0,1646328647452,0
136,150,1.0,1646344777670,0
136,109,1.0,1646346578417,0
136,302,1.0,1646350051437,0
136,142,1.0,1646350666476,0
136,230,1.0,1646367050129,0
136,279,1.0,1646367816206,0
136,196,1.0,1646376572343,0
136,179,1.0,1646383290983,0
136,194,1.0,1646384179441,0
136,205,1.0,1646389151858,0
136,114,1.0,1646393464147,0
136,202,1.0,1646402685140,0
136,171,1.0,1646417597510,0
136,220,1.0,1646443052876,0
136,241,1.0,1646456146479,0
136,180,1.0,1646459645480,0
136,104,1.0,1646477668257,0
136,268,1.0,1646484484247,0
136,124,1.0,1646500237371,0
136,216,1.0,1646501342720,0
136,156,1.0,1646568944553,0
136,283,1.0,1646584887858,0
136,137,1.0,1646757226724,0
136,130,1.0,1646836900347,0
136,167,1.0,1646848921212,0
136,127,1.0,1646891414536,0
136,310,1.0,1646932553507,0
136,129,1.0,1646996394050,0
136,154,1.0,1646996462418,0
136,158,1.0,1647059834203,0
136,186,1.0,1647147824862,0
136,273,1.0,1647486640289,0
136,304,1.0,1647486659943,1
136,221,1.0,1647914154796,2
137,224,1.0,1641995102972,0
137,272,1.0,1642275571098,0
137,97,1.0,1642688731842,0
137,472,1.0,1643548473645,0
137,249,1.0,1643611793116,0
137,71,1.0,1643819058810,0
137,46,1.0,1643856008553,0
137,281,1.0,1644333526021,0
137,210,1.0,1644394719231,0
137,291,1.0,1644395198757,0
137,169,1.0,1644395830274,0
137,47,1.0,1644773772951,0
137,181,1.0,1644849081382,0
137,110,1.0,1645646259667,0
137,121,1.0,1645978819174,0
137,41,1.0,1646222741396,0
137,248,1.0,1646233360570,0
137,255,1.0,1646233530581,0
137,297,1.0,1646233715440,0
137,199,1.0,1646233790243,0
137,172,1.0,1646233837504,0
137,282,1.0,1646233853721,0
137,191,1.0,1646233868682,0
137,198,1.0,1646233923966,0
137,112,1.0,1646234722375,0
137,123,1.0,1646234866413,0
137,170,1.0,1646234918367,0
137,235,1.0,1646234971768,0
137,157,1.0,1646234982003,0
137,131,1.0,1646235280096,0
137,214,1.0,1646235325394,0
137,287,1.0,1646235622133,0
137,151,1.0,1646235884884,0
137,242,1.0,1646236124713,0
137,209,1.0,1646236171557,0
137,250,1.0,1646236179436,0
137,98,1.0,1646236220324,0
137,260,1.0,1646236269912,0
137,267,1.0,1646236366361,0
137,145,1.0,1646236557577,0
137,225,1.0,1646236864334,0
137,185,1.0,1646237706403,0
137,200,1.0,1646237835498,0
137,259,1.0,1646237913621,0
137,312,1.0,1646237970323,0
137,289,1.0,1646238008052,0
137,160,1.0,1646238148891,0
137,262,1.0,1646238323181,0
137,264,1.0,1646238804216,0
137,166,1.0,1646240088315,0
137,218,1.0,1646240723314,0
137,140,1.0,1646240823781,0
137,208,1.0,1646241472389,0
137,107,1.0,1646245764833,0
137,148,1.0,1646248563344,0
137,197,1.0,1646249993512,0
137,178,1.0,1646251297448,0
137,168,1.0,1646252291672,0
137,141,1.0,1646257446435,0
137,195,1.0,1646259588391,0
137,307,1.0,1646260271560,0
137,54,1.0,1646260663675,0
137,284,1.0,1646261402933,0
137,313,1.0,1646261563415,0
137,132,1.0,1646261666164,0
137,276,1.0,1646262122230,0
137,303,1.0,1646262262293,0
137,173,1.0,1646263433747,0
137,174,1.0,1646263579686,0
137,165,1.0,1646265009986,0
137,314,1.0,1646265412258,0
137,134,1.0,1646266687414,0
137,254,1.0,1646268263034,0
137,118,1.0,1646268372266,0
137,234,1.0,1646269664524,0
137,211,1.0,1646272004907,0
137,62,1.0,1646272316730,0
137,239,1.0,1646274338744,0
137,270,1.0,1646274425601,0
137,188,1.0,1646275539585,0
137,253,1.0,1646275964424,0
137,192,1.0,1646277418008,0
137,299,1.0,1646277731727,0
137,237,1.0,1646278285485,0
137,111,1.0,1646279310652,0
137,177,1.0,1646281018599,0
137,244,1.0,1646281161646,0
137,309,1.0,1646281622006,0
137,286,1.0,1646281881165,0
137,204,1.0,1646282198948,0
137,275,1.0,1646282966210,0
137,119,1.0,1646283022901,0
137,147,1.0,1646283085181,0
137,182,1.0,1646283150189,0
137,146,1.0,1646283536119,0
137,223,1.0,1646283563939,0
137,183,1.0,1646284135840,0
137,245,1.0,1646284412217,0
137,227,1.0,1646284588347,0
137,193,1.0,1646284819709,0
137,143,1.0,1646285009425,0
137,117,1.0,1646286230177,0
137,125,1.0,1646286527721,0
137,153,1.0,1646286748204,0
137,263,1.0,1646289457991,0
137,316,1.0,1646289917148,0
137,155,1.0,1646292458301,0
137,162,1.0,1646293445724,0
137,311,1.0,1646293801075,0
137,184,1.0,1646294083100,0
137,295,1.0,1646294691648,0
137,203,1.0,1646295366828,0
137,175,1.0,1646295858319,0
137,308,1.0,1646297636013,0
137,278,1.0,1646297976263,0
137,78,1.0,1646297985751,0
137,251,1.0,1646299322950,0
137,301,1.0,1646300177984,0
137,305,1.0,1646300285376,0
137,293,1.0,1646300637636,0
137,215,1.0,1646300759632,0
137,252,1.0,1646300775528,0
137,113,1.0,1646301055683,0
137,258,1.0,1646301461619,0
137,285,1.0,1646302023875,0
137,285,1.0,1646302023875,0
137,306,1.0,1646302102463,0
137,269,1.0,1646302795893,0
137,271,1.0,1646303403653,0
137,108,1.0,1646303849251,0
137,274,1.0,1646304238750,0
137,222,1.0,1646304240005,0
137,232,1.0,1646304290585,0
137,298,1.0,1646304515756,0
137,164,1.0,1646304568943,0
137,189,1.0,1646304585814,0
137,139,1.0,1646304902552,0
137,300,1.0,1646305174080,0
137,238,1.0,1646305279781,0
137,233,1.0,1646305475284,0
137,292,1.0,1646305857576,0
137,120,1.0,1646305959347,0
137,207,1.0,1646306017522,0
137,24,1.0,1646306121823,0
137,219,1.0,1646306160843,0
137,176,1.0,1646306317528,0
137,161,1.0,1646306448897,0
137,138,1.0,1646306866437,0
137,144,1.0,1646307783921,0
137,265,1.0,1646308769792,0
137,136,1.0,1646309141724,0
137,213,1.0,1646309253284,0
137,296,1.0,1646309299297,0
137,226,1.0,1646309313089,0
137,152,1.0,1646309473963,0
137,126,1.0,1646309624151,0
137,256,1.0,1646311021616,0
137,294,1.0,1646311050671,0
137,116,1.0,1646311185217,0
137,135,1.0,1646311287676,0
137,240,1.0,1646311418287,0
137,212,1.0,1646311429340,0
137,266,1.0,1646311459372,0
137,217,1.0,1646311483387,0
137,261,1.0,1646311616847,0
137,315,1.0,1646311709584,0
137,163,1.0,1646312051858,0
137,159,1.0,1646312166446,0
137,246,1.0,1646312201074,0
137,229,1.0,1646312820121,0
137,122,1.0,1646313592899,0
137,106,1.0,1646313666594,0
137,133,1.0,1646314156720,0
137,128,1.0,1646314198458,0
137,115,1.0,1646314412769,0
137,247,1.0,1646314515768,0
137,290,1.0,1646314526185,0
137,288,1.0,1646314598333,0
137,201,1.0,1646314879467,0
137,206,1.0,1646315130117,0
137,236,1.0,1646315190341,0
137,231,1.0,1646315725209,0
137,149,1.0,1646315882246,0
137,243,1.0,1646315953579,0
137,257,1.0,1646318092945,0
137,190,1.0,1646319376700,0
137,277,1.0,1646321077201,0
137,280,1.0,1646328647452,0
137,150,1.0,1646344777670,0
137,109,1.0,1646346578417,0
137,302,1.0,1646350051437,0
137,142,1.0,1646350666476,0
137,230,1.0,1646367050129,0
137,279,1.0,1646367816206,0
137,196,1.0,1646376572343,0
137,179,1.0,1646383290983,0
137,194,1.0,1646384179441,0
137,205,1.0,1646389151858,0
137,114,1.0,1646393464147,0
137,202,1.0,1646402685140,0
137,171,1.0,1646417597510,0
137,220,1.0,1646443052876,0
137,241,1.0,1646456146479,0
137,180,1.0,1646459645480,0
137,104,1.0,1646477668257,0
137,268,1.0,1646484484247,0
137,124,1.0,1646500237371,0
137,216,1.0,1646501342720,0
137,156,1.0,1646568944553,0
137,283,1.0,1646584887858,0
137,105,1.0,1646731980059,0
137,137,1.0,1646757226724,0
137,130,1.0,1646836900347,0
137,167,1.0,1646848921212,0
137,127,1.0,1646891414536,0
137,310,1.0,1646932553507,0
137,129,1.0,1646996394050,0
137,154,1.0,1646996462418,0
137,158,1.0,1647059834203,0
137,186,1.0,1647147824862,0
137,273,1.0,1647486640289,0
137,304,1.0,1647486659943,0
137,187,1.0,1647799365734,0
137,228,1.0,1647874259544,1
137,221,1.0,1647914154796,2
138,224,1.0,1641995102972,0
138,272,1.0,1642275571098,0
138,97,1.0,1642688731842,0
138,472,1.0,1643548473645,0
138,249,1.0,1643611793116,0
138,71,1.0,1643819058810,0
138,46,1.0,1643856008553,0
138,281,1.0,1644333526021,0
138,210,1.0,1644394719231,0
138,291,1.0,1644395198757,0
138,169,1.0,1644395830274,0
138,47,1.0,1644773772951,0
138,181,1.0,1644849081382,0
138,110,1.0,1645646259667,0
138,121,1.0,1645978819174,0
138,41,1.0,1646222741396,0
138,248,1.0,1646233360570,0
138,255,1.0,1646233530581,0
138,297,1.0,1646233715440,0
138,199,1.0,1646233790243,0
138,172,1.0,1646233837504,0
138,282,1.0,1646233853721,0
138,191,1.0,1646233868682,0
138,198,1.0,1646233923966,0
138,112,1.0,1646234722375,0
138,123,1.0,1646234866413,0
138,170,1.0,1646234918367,0
138,235,1.0,1646234971768,0
138,157,1.0,1646234982003,0
138,131,1.0,1646235280096,0
138,214,1.0,1646235325394,0
138,287,1.0,1646235622133,0
138,151,1.0,1646235884884,0
138,242,1.0,1646236124713,0
138,209,1.0,1646236171557,0
138,250,1.0,1646236179436,0
138,98,1.0,1646236220324,0
138,260,1.0,1646236269912,0
138,267,1.0,1646236366361,0
138,145,1.0,1646236557577,0
138,225,1.0,1646236864334,0
138,185,1.0,1646237706403,0
138,200,1.0,1646237835498,0
138,259,1.0,1646237913621,0
138,312,1.0,1646237970323,0
138,289,1.0,1646238008052,0
138,160,1.0,1646238148891,0
138,262,1.0,1646238323181,0
138,264,1.0,1646238804216,0
138,166,1.0,1646240088315,0
138,218,1.0,1646240723314,0
138,140,1.0,1646240823781,0
138,208,1.0,1646241472389,0
138,107,1.0,1646245764833,0
138,148,1.0,1646248563344,0
138,197,1.0,1646249993512,0
138,178,1.0,1646251297448,0
138,168,1.0,1646252291672,0
138,141,1.0,1646257446435,0
138,195,1.0,1646259588391,0
138,307,1.0,1646260271560,0
138,54,1.0,1646260663675,0
138,284,1.0,1646261402933,0
138,313,1.0,1646261563415,0
138,132,1.0,1646261666164,0
138,276,1.0,1646262122230,0
138,303,1.0,1646262262293,0
138,173,1.0,1646263433747,0
138,174,1.0,1646263579686,0
138,165,1.0,1646265009986,0
138,314,1.0,1646265412258,0
138,134,1.0,1646266687414,0
138,254,1.0,1646268263034,0
138,118,1.0,1646268372266,0
138,234,1.0,1646269664524,0
138,211,1.0,1646272004907,0
138,62,1.0,1646272316730,0
138,239,1.0,1646274338744,0
138,270,1.0,1646274425601,0
138,188,1.0,1646275539585,0
138,253,1.0,1646275964424,0
138,192,1.0,1646277418008,0
138,299,1.0,1646277731727,0
138,237,1.0,1646278285485,0
138,111,1.0,1646279310652,0
138,177,1.0,1646281018599,0
138,244,1.0,1646281161646,0
138,309,1.0,1646281622006,0
138,286,1.0,1646281881165,0
138,204,1.0,1646282198948,0
138,275,1.0,1646282966210,0
138,119,1.0,1646283022901,0
138,147,1.0,1646283085181,0
138,182,1.0,1646283150189,0
138,146,1.0,1646283536119,0
138,223,1.0,1646283563939,0
138,183,1.0,1646284135840,0
138,245,1.0,1646284412217,0
138,227,1.0,1646284588347,0
138,193,1.0,1646284819709,0
138,143,1.0,1646285009425,0
138,117,1.0,1646286230177,0
138,125,1.0,1646286527721,0
138,153,1.0,1646286748204,0
138,263,1.0,1646289457991,0
138,316,1.0,1646289917148,0
138,155,1.0,1646292458301,0
138,162,1.0,1646293445724,0
138,311,1.0,1646293801075,0
138,184,1.0,1646294083100,0
138,295,1.0,1646294691648,0
138,203,1.0,1646295366828,0
138,175,1.0,1646295858319,0
138,308,1.0,1646297636013,0
138,278,1.0,1646297976263,0
138,78,1.0,1646297985751,0
138,251,1.0,1646299322950,0
138,301,1.0,1646300177984,0
138,305,1.0,1646300285376,0
138,293,1.0,1646300637636,0
138,215,1.0,1646300759632,0
138,252,1.0,1646300775528,0
138,113,1.0,1646301055683,0
138,258,1.0,1646301461619,0
138,285,1.0,1646302023875,0
138,285,1.0,1646302023875,0
138,306,1.0,1646302102463,0
138,269,1.0,1646302795893,0
138,271,1.0,1646303403653,0
138,108,1.0,1646303849251,0
138,274,1.0,1646304238750,0
138,222,1.0,1646304240005,0
138,232,1.0,1646304290585,0
138,298,1.0,1646304515756,0
138,164,1.0,1646304568943,0
138,189,1.0,1646304585814,0
138,139,1.0,1646304902552,0
138,300,1.0,1646305174080,0
138,238,1.0,1646305279781,0
138,233,1.0,1646305475284,0
138,292,1.0,1646305857576,0
138,120,1.0,1646305959347,0
138,207,1.0,1646306017522,0
138,24,1.0,1646306121823,0
138,219,1.0,1646306160843,0
138,176,1.0,1646306317528,0
138,161,1.0,1646306448897,0
138,138,1.0,1646306866437,0
138,144,1.0,1646307783921,0
138,265,1.0,1646308769792,0
138,136,1.0,1646309141724,0
138,213,1.0,1646309253284,0
138,296,1.0,1646309299297,0
138,226,1.0,1646309313089,0
138,152,1.0,1646309473963,0
138,126,1.0,1646309624151,0
138,256,1.0,1646311021616,0
138,294,1.0,1646311050671,0
138,116,1.0,1646311185217,0
138,135,1.0,1646311287676,0
138,240,1.0,1646311418287,0
138,212,1.0,1646311429340,0
138,266,1.0,1646311459372,0
138,217,1.0,1646311483387,0
138,261,1.0,1646311616847,0
138,315,1.0,1646311709584,0
138,163,1.0,1646312051858,0
138,159,1.0,1646312166446,0
138,246,1.0,1646312201074,0
138,229,1.0,1646312820121,0
138,122,1.0,1646313592899,0
138,106,1.0,1646313666594,0
138,133,1.0,1646314156720,0
138,128,1.0,1646314198458,0
138,115,1.0,1646314412769,0
138,247,1.0,1646314515768,0
138,290,1.0,1646314526185,0
138,288,1.0,1646314598333,0
138,201,1.0,1646314879467,0
138,206,1.0,1646315130117,0
138,236,1.0,1646315190341,0
138,231,1.0,1646315725209,0
138,149,1.0,1646315882246,0
138,243,1.0,1646315953579,0
138,257,1.0,1646318092945,0
138,190,1.0,1646319376700,0
138,277,1.0,1646321077201,0
138,280,1.0,1646328647452,0
138,150,1.0,1646344777670,0
138,109,1.0,1646346578417,0
138,302,1.0,1646350051437,0
138,142,1.0,1646350666476,0
138,230,1.0,1646367050129,0
138,279,1.0,1646367816206,0
138,196,1.0,1646376572343,0
138,179,1.0,1646383290983,0
138,194,1.0,1646384179441,0
138,205,1.0,1646389151858,0
138,114,1.0,1646393464147,0
138,202,1.0,1646402685140,0
138,171,1.0,1646417597510,0
138,220,1.0,1646443052876,0
138,241,1.0,1646456146479,0
138,180,1.0,1646459645480,0
138,104,1.0,1646477668257,0
138,268,1.0,1646484484247,0
138,124,1.0,1646500237371,0
138,216,1.0,1646501342720,0
138,156,1.0,1646568944553,0
138,283,1.0,1646584887858,0
138,105,1.0,1646731980059,0
138,137,1.0,1646757226724,0
138,130,1.0,1646836900347,0
138,167,1.0,1646848921212,0
138,127,1.0,1646891414536,0
138,310,1.0,1646932553507,0
138,129,1.0,1646996394050,0
138,154,1.0,1646996462418,0
138,158,1.0,1647059834203,0
138,186,1.0,1647147824862,0
138,273,1.0,1647486640289,0
138,304,1.0,1647486659943,0
138,187,1.0,1647799365734,0
138,228,1.0,1647874259544,1
138,221,1.0,1647914154796,2
139,537,1.0,1643720795898,0
139,75,1.0,1643740310114,0
139,74,1.0,1643773430895,0
139,25,1.0,1644842521160,1
139,124,1.0,1646507210012,2
140,31,1.0,1589821216799,0
140,28,1.0,1590065440818,0
140,30,1.0,1592238735307,0
140,29,1.0,1592968814266,1
140,27,1.0,1596617903624,2
141,90,1.0,1594989123385,0
141,531,1.0,1594989895605,0
141,89,1.0,1594994307912,0
141,530,1.0,1594999629462,0
141,28,1.0,1595007089730,0
141,532,1.0,1595033851490,1
141,27,1.0,1596716118412,2
142,530,1.0,1600252843176,0
142,27,1.0,1600254160130,0
142,59,1.0,1600269385390,0
142,28,1.0,1600342595652,1
142,58,1.0,1638063093997,2
143,27,1.0,1597921990793,0
143,89,1.0,1597927534287,0
143,532,1.0,1597930211207,0
143,60,1.0,1597969810138,1
143,58,1.0,1638063249767,2
144,531,1.0,1598261484348,0
144,27,1.0,1598263166060,0
144,89,1.0,1598264879119,0
144,86,1.0,1598271392613,0
144,87,1.0,1598312311500,0
144,532,1.0,1598334962395,1
144,28,1.0,1598501164927,2
145,27,1.0,1600951552815,0
145,531,1.0,1600955026363,0
145,57,1.0,1600955737925,0
145,59,1.0,1601728450859,1
145,28,1.0,1602235868165,2
146,86,1.0,1597062736646,0
146,531,1.0,1597063813504,0
146,60,1.0,1597066088342,0
146,89,1.0,1597068491953,0
146,28,1.0,1597145258259,0
146,57,1.0,1597210584753,1
146,27,1.0,1597315893137,2
147,59,1.0,1597404735183,0
147,86,1.0,1597406078003,0
147,531,1.0,1597408400650,0
147,60,1.0,1597410177022,0
147,27,1.0,1597410518103,0
147,89,1.0,1597410566474,0
147,57,1.0,1597410597971,0
147,90,1.0,1597416579002,0
147,28,1.0,1597584761396,0
147,88,1.0,1600939719205,0
147,559,1.0,1615696880096,1
147,58,1.0,1638063280074,2
148,27,1.0,1599992020078,0
148,59,1.0,1599992273563,0
148,28,1.0,1600077743787,0
148,57,1.0,1600080055515,0
148,87,1.0,1600235041655,1
148,88,1.0,1600954246067,2
149,59,1.0,1596719196715,0
149,90,1.0,1596722999962,0
149,28,1.0,1596774136912,0
149,27,1.0,1596803879060,0
149,100,1.0,1611282885503,1
149,559,1.0,1615697042430,2
150,90,1.0,1596555878647,0
150,87,1.0,1596580003352,0
150,531,1.0,1596588965351,0
150,86,1.0,1596589969616,0
150,89,1.0,1596590130730,0
150,542,1.0,1596605813598,0
150,27,1.0,1596615287726,1
150,28,1.0,1596710136408,2
151,27,1.0,1600431341795,0
151,530,1.0,1600431373013,0
151,28,1.0,1600511300954,0
151,88,1.0,1600954224187,1
151,59,1.0,1601728490317,2
152,59,1.0,1598783182286,0
152,28,1.0,1599298853536,0
152,57,1.0,1599299509418,0
152,60,1.0,1599302765296,1
152,58,1.0,1638063211110,2
153,59,1.0,1596287447258,0
153,89,1.0,1596288195504,0
153,90,1.0,1596290774976,0
153,87,1.0,1596323634634,0
153,86,1.0,1596348624390,0
153,28,1.0,1596605523293,0
153,88,1.0,1600939758272,1
153,58,1.0,1638063371237,2
154,530,1.0,1592915563105,0
154,86,1.0,1592923503269,0
154,540,1.0,1592924616564,0
154,90,1.0,1592925691778,0
154,87,1.0,1592955034173,0
154,89,1.0,1592990259279,0
154,539,1.0,1592990890827,0
154,538,1.0,1592993234224,1
154,28,1.0,1593004059929,2
155,59,1.0,1595587535438,0
155,89,1.0,1595599614036,0
155,532,1.0,1595609257344,0
155,541,1.0,1595981962611,0
155,28,1.0,1596550843875,1
155,100,1.0,1611282959162,2
156,90,1.0,1591274378815,0
156,542,1.0,1591274570845,0
156,543,1.0,1591275690092,0
156,530,1.0,1591279491989,0
156,532,1.0,1591282573366,0
156,545,1.0,1591326137632,0
156,538,1.0,1591369290798,0
156,544,1.0,1591439364504,0
156,28,1.0,1591463937351,1
156,29,1.0,1592968727375,2
157,547,1.0,1590782366565,0
157,87,1.0,1590795030997,0
157,540,1.0,1590822282007,0
157,539,1.0,1590908691928,0
157,543,1.0,1590926111272,0
157,28,1.0,1591005660836,1
157,544,1.0,1591439530016,2
158,551,1.0,1591960371154,0
158,547,1.0,1591960575808,0
158,90,1.0,1591960797237,0
158,538,1.0,1591961037856,0
158,28,1.0,1591964515662,0
158,530,1.0,1591964834633,0
158,554,1.0,1591964889633,0
158,542,1.0,1591965808466,0
158,552,1.0,1591978899772,0
158,553,1.0,1592000653030,0
158,532,1.0,1592102920265,0
158,540,1.0,1592200478054,0
158,544,1.0,1592214489372,0
158,30,1.0,1592238774911,0
158,86,1.0,1592713112622,0
158,539,1.0,1592990799064,0
158,88,1.0,1600940102064,1
158,100,1.0,1611283168808,2
159,547,1.0,1590237860620,0
159,542,1.0,1590239108242,0
159,539,1.0,1590239247842,0
159,552,1.0,1590242017007,0
159,31,1.0,1590243619237,0
159,87,1.0,1590273436374,0
159,532,1.0,1590279396665,0
159,540,1.0,1590395390281,0
159,28,1.0,1591250032161,1
159,88,1.0,1600940401759,2
160,554,1.0,1592867609224,0
160,532,1.0,1592870622638,0
160,545,1.0,1592872937565,0
160,547,1.0,1592885192341,0
160,90,1.0,1592885987984,0
160,86,1.0,1592909550586,0
160,28,1.0,1592923750793,0
160,89,1.0,1592990211671,0
160,539,1.0,1592990883665,0
160,538,1.0,1592993254649,0
160,544,1.0,1592999570364,1
160,541,1.0,1593043895251,2
161,554,1.0,1590926628762,0
161,89,1.0,1590931286348,0
161,538,1.0,1590934561889,0
161,532,1.0,1590944098864,0
161,552,1.0,1590971584758,0
161,31,1.0,1590984140184,0
161,28,1.0,1591463987567,1
161,544,1.0,1591479881250,2
162,554,1.0,1591535470072,0
162,543,1.0,1591537096874,0
162,28,1.0,1591877808232,0
162,551,1.0,1591878169555,0
162,538,1.0,1591961151959,1
162,539,1.0,1592990721735,2
163,553,1.0,1595152365000,0
163,60,1.0,1595153674139,0
163,531,1.0,1595155396422,0
163,89,1.0,1595169068162,0
163,90,1.0,1595173169932,0
163,59,1.0,1595203929756,0
163,86,1.0,1595209621743,0
163,28,1.0,1595585667090,1
163,100,1.0,1611282993311,2
164,553,1.0,1591135617433,0
164,547,1.0,1591135734767,0
164,545,1.0,1591140764699,0
164,89,1.0,1591355371597,0
164,539,1.0,1591436076611,0
164,28,1.0,1591463967805,1
164,541,1.0,1593043908570,2
165,532,1.0,1592197102619,0
165,551,1.0,1592215980059,0
165,30,1.0,1592238747618,0
165,538,1.0,1592565925844,0
165,89,1.0,1592575605109,0
165,86,1.0,1592713091429,0
165,539,1.0,1592990814684,1
165,28,1.0,1593521253177,2
166,538,1.0,1592565909542,0
166,89,1.0,1592575573435,0
166,541,1.0,1592872925550,0
166,28,1.0,1592923655046,0
166,29,1.0,1592968658451,1
166,539,1.0,1592990834490,2
167,554,1.0,1591364569781,0
167,553,1.0,1591364749231,0
167,552,1.0,1591366024237,0
167,89,1.0,1591366121542,0
167,538,1.0,1591371574686,0
167,543,1.0,1591373340431,0
167,31,1.0,1591379899206,0
167,86,1.0,1591401295704,0
167,539,1.0,1591436027917,0
167,28,1.0,1591463926144,0
167,544,1.0,1591479866368,1
167,30,1.0,1594137714147,2
168,554,1.0,1590405632916,0
168,31,1.0,1590409291843,0
168,552,1.0,1590419478826,0
168,547,1.0,1590442222008,0
168,87,1.0,1590446902031,0
168,530,1.0,1590448907657,0
168,545,1.0,1590455967276,0
168,551,1.0,1590467259301,0
168,540,1.0,1590672306264,0
168,89,1.0,1590748929931,0
168,28,1.0,1591250022262,0
168,544,1.0,1591251348955,0
168,539,1.0,1591435798939,0
168,29,1.0,1592968765027,1
168,88,1.0,1600940367472,2
169,542,1.0,1592665485145,0
169,90,1.0,1592670578919,0
169,89,1.0,1592684812404,0
169,87,1.0,1592696955510,0
169,532,1.0,1592701247379,0
169,86,1.0,1592713049982,0
169,28,1.0,1592923832120,0
169,530,1.0,1592924306757,0
169,539,1.0,1592990863913,0
169,541,1.0,1593043879814,1
169,559,1.0,1615697470731,2
170,59,1.0,1590110897517,0
170,540,1.0,1590124911230,0
170,551,1.0,1590190470058,0
170,545,1.0,1590191894718,0
170,532,1.0,1590279413482,0
170,28,1.0,1591250046510,1
170,544,1.0,1591251333706,2
171,532,1.0,1591872980466,0
171,538,1.0,1591961074799,0
171,89,1.0,1591962829691,0
171,539,1.0,1592990775912,0
171,28,1.0,1593521319686,0
171,531,1.0,1593749514228,1
171,100,1.0,1611283201958,2
172,540,1.0,1591640671876,0
172,547,1.0,1591655130756,0
172,87,1.0,1591665608218,0
172,532,1.0,1591872990876,0
172,28,1.0,1591877735222,0
172,538,1.0,1591961125471,0
172,539,1.0,1593054309899,0
172,30,1.0,1593233625028,0
172,554,1.0,1593430979607,1
172,559,1.0,1615697601909,2
173,532,1.0,1591872967165,0
173,545,1.0,1591873081914,0
173,90,1.0,1591873677485,0
173,551,1.0,1591873881658,0
173,543,1.0,1591876332234,0
173,89,1.0,1591911731614,0
173,87,1.0,1591921213081,0
173,538,1.0,1591961010943,0
173,28,1.0,1591964463642,0
173,540,1.0,1592051563475,1
173,539,1.0,1592990792403,2
174,538,1.0,1593004813641,0
174,90,1.0,1593007744317,0
174,89,1.0,1593008420411,0
174,539,1.0,1593011125839,0
174,553,1.0,1593051185961,0
174,540,1.0,1593052248475,0
174,86,1.0,1593057314268,0
174,532,1.0,1593094393113,0
174,28,1.0,1593174832759,1
174,544,1.0,1594461663682,2
175,551,1.0,1589734446687,0
175,539,1.0,1590225583618,0
175,29,1.0,1592968828251,0
175,28,1.0,1594175842457,0
175,88,1.0,1600940438383,1
175,559,1.0,1615697793694,2
176,33,1.0,1543127797431,0
176,65,1.0,1543162711618,0
176,66,1.0,1543165293581,0
176,67,1.0,1543237827348,1
176,51,1.0,1567230273872,2
177,101,1.0,1537762491145,0
177,67,1.0,1537763266702,0
177,56,1.0,1537764559267,0
177,33,1.0,1537779918531,1
177,51,1.0,1567225921149,2
178,39,1.0,1623152671515,0
178,38,1.0,1623153580733,0
178,77,1.0,1623153832824,0
178,529,1.0,1623154592832,1
178,536,1.0,1623154908349,2
179,77,1.0,1628764645905,0
179,529,1.0,1628765739675,0
179,44,1.0,1628765861754,0
179,39,1.0,1628766734134,1
179,38,1.0,1628838331957,2
180,77,1.0,1622281810989,0
180,529,1.0,1622282551128,0
180,39,1.0,1622284118448,0
180,38,1.0,1622285194316,1
180,536,1.0,1622286874106,2
181,53,1.0,1647173007202,0
181,40,1.0,1647178472367,0
181,52,1.0,1647178853561,0
181,55,1.0,1647179225713,1
181,54,1.0,1647354579827,2
182,52,1.0,1645702750291,0
182,40,1.0,1645712264846,0
182,55,1.0,1645712306051,0
182,63,1.0,1645773271236,1
182,311,1.0,1646067646535,2
183,40,1.0,1646752559153,0
183,221,1.0,1646759927426,0
183,53,1.0,1646866173111,0
183,110,1.0,1646917097960,0
183,310,1.0,1646931151593,0
183,546,1.0,1647427320259,1
183,187,1.0,1647800130560,2
184,52,1.0,1647178634617,0
184,40,1.0,1647180316076,0
184,191,1.0,1647185366990,0
184,64,1.0,1647186790980,0
184,98,1.0,1647197844046,0
184,110,1.0,1647197904842,0
184,221,1.0,1647479066144,1
184,546,1.0,1647629524456,2
185,41,1.0,1646999708465,0
185,52,1.0,1647003632683,0
185,64,1.0,1647014527834,0
185,62,1.0,1647133625227,1
185,63,1.0,1647317189466,2
186,537,1.0,1644237462850,0
186,41,1.0,1644237575645,0
186,262,1.0,1644258880537,0
186,45,1.0,1647660023862,1
186,413,1.0,1647773207119,2
187,53,1.0,1646819104207,0
187,41,1.0,1646820940071,0
187,55,1.0,1646826067175,0
187,219,1.0,1646865784847,1
187,381,1.0,1647083474551,2
188,41,1.0,1646826105922,0
188,53,1.0,1646826265831,0
188,98,1.0,1646828991961,0
188,528,1.0,1646832066111,0
188,310,1.0,1646931041078,0
188,546,1.0,1646964448620,1
188,548,1.0,1647331559376,2
189,528,1.0,1646309854558,0
189,41,1.0,1646310619616,0
189,42,1.0,1646315963894,0
189,54,1.0,1646321233150,0
189,204,1.0,1646374180254,0
189,286,1.0,1646374349528,0
189,381,1.0,1646399766447,0
189,263,1.0,1646418822487,0
189,124,1.0,1646500047298,0
189,53,1.0,1646801732670,1
189,310,1.0,1646931482510,2
190,528,1.0,1646231574259,0
190,42,1.0,1646233105878,0
190,472,1.0,1646233914641,0
190,175,1.0,1646491464035,0
190,546,1.0,1646590492198,1
190,310,1.0,1646931546897,2
191,528,1.0,1645962866886,0
191,413,1.0,1645974460769,0
191,556,1.0,1646016520125,0
191,301,1.0,1646018633332,0
191,42,1.0,1646023800340,0
191,546,1.0,1646070836741,0
191,286,1.0,1646282208651,0
191,196,1.0,1646376747324,1
191,53,1.0,1647133999330,2
192,72,1.0,1642845244744,0
192,70,1.0,1643239913200,0
192,47,1.0,1644773536983,0
192,181,1.0,1644849110185,1
192,45,1.0,1647612309610,2
193,221,1.0,1642118694024,0
193,70,1.0,1643214041222,0
193,71,1.0,1643819096583,0
193,46,1.0,1643856021240,0
193,210,1.0,1644394739468,0
193,169,1.0,1644394925059,0
193,291,1.0,1644395182010,0
193,47,1.0,1644773641452,1
193,52,1.0,1645616824863,2
194,371,1.0,1642635604920,0
194,72,1.0,1642845702745,0
194,370,1.0,1643274764642,0
194,91,1.0,1644472018809,1
194,47,1.0,1644764277085,2
195,534,1.0,1541157238636,0
195,56,1.0,1541157271899,0
195,555,1.0,1541167709005,0
195,66,1.0,1541175301176,0
195,533,1.0,1541177077364,1
195,51,1.0,1567228280302,2
196,64,1.0,1647185875560,0
196,98,1.0,1647197893015,0
196,97,1.0,1647218203516,0
196,121,1.0,1647233222908,0
196,53,1.0,1647247562952,1
196,62,1.0,1647386298538,2
197,381,1.0,1647603422185,0
197,537,1.0,1647608975800,0
197,55,1.0,1647614029886,0
197,249,1.0,1647661383158,0
197,98,1.0,1647668132958,0
197,221,1.0,1647779148143,1
197,103,1.0,1647850711298,2
198,95,1.0,1646317676702,0
198,63,1.0,1646320888925,0
198,344,1.0,1646324386815,0
198,249,1.0,1646372186018,0
198,104,1.0,1646477661414,0
198,124,1.0,1646499965704,1
198,546,1.0,1646968377794,2
199,321,1.0,1645448338047,0
199,137,1.0,1645459073519,0
199,548,1.0,1645466564304,0
199,546,1.0,1645915711661,1
199,63,1.0,1645938583977,2
200,362,1.0,1637208048138,0
200,424,1.0,1637230242396,0
200,522,1.0,1637234825426,0
200,471,1.0,1637296089831,0
200,526,1.0,1637411895281,0
200,429,1.0,1644421010679,0
200,439,1.0,1644421123148,0
200,515,1.0,1644421157044,0
200,483,1.0,1644421243341,0
200,436,1.0,1644421424297,0
200,514,1.0,1644422146323,0
200,453,1.0,1644422551220,0
200,466,1.0,1644423326162,0
200,434,1.0,1644423439729,0
200,363,1.0,1644423624166,0
200,364,1.0,1644424268255,0
200,343,1.0,1644424381097,0
200,527,1.0,1644424528947,0
200,426,1.0,1644424823003,0
200,322,1.0,1644425523129,0
200,384,1.0,1644425837689,0
200,495,1.0,1644426226345,0
200,379,1.0,1644426471263,0
200,489,1.0,1644426892638,0
200,330,1.0,1644427028745,0
200,432,1.0,1644427844701,0
200,463,1.0,1644428029138,0
200,477,1.0,1644428188121,0
200,388,1.0,1644428296525,0
200,476,1.0,1644428347684,0
200,359,1.0,1644428449722,0
200,467,1.0,1644429898228,0
200,420,1.0,1644429932409,0
200,502,1.0,1644430095442,0
200,385,1.0,1644430147252,0
200,496,1.0,1644430165561,0
200,455,1.0,1644432531824,0
200,488,1.0,1644435557036,0
200,395,1.0,1644442577889,0
200,484,1.0,1644453929022,0
200,373,1.0,1644454029244,0
200,378,1.0,1644455796814,0
200,412,1.0,1644459361945,0
200,501,1.0,1644463497350,0
200,442,1.0,1644464613566,0
200,383,1.0,1644466392557,0
200,403,1.0,1644467734394,0
200,361,1.0,1644468115287,0
200,346,1.0,1644470666208,0
200,397,1.0,1644472745922,0
200,499,1.0,1644473535380,0
200,404,1.0,1644474079558,0
200,456,1.0,1644485784660,0
200,438,1.0,1644508878525,0
200,339,1.0,1644509007012,0
200,320,1.0,1644521049339,0
200,393,1.0,1644526839886,0
200,465,1.0,1644529133795,0
200,425,1.0,1644534041979,0
200,387,1.0,1644536079993,0
200,503,1.0,1644540427721,0
200,525,1.0,1644545264183,0
200,332,1.0,1644587650017,0
200,433,1.0,1644587703185,0
200,482,1.0,1644588487144,0
200,334,1.0,1644594586820,0
200,69,1.0,1644598752704,0
200,411,1.0,1644598845058,0
200,417,1.0,1644600009201,0
200,349,1.0,1644600718733,0
200,497,1.0,1644601031333,0
200,446,1.0,1644602425317,0
200,516,1.0,1644602577123,0
200,416,1.0,1644604266230,0
200,342,1.0,1644604441577,0
200,440,1.0,1644605801490,0
200,406,1.0,1644607205280,0
200,473,1.0,1644607296743,0
200,435,1.0,1644609487491,0
200,464,1.0,1644609744485,0
200,421,1.0,1644610682251,0
200,372,1.0,1644615034123,0
200,428,1.0,1644619514057,0
200,386,1.0,1644623107921,0
200,479,1.0,1644629558122,0
200,437,1.0,1644632696628,0
200,451,1.0,1644634016490,0
200,517,1.0,1644646547609,0
200,478,1.0,1644648069964,0
200,318,1.0,1644666400288,0
200,461,1.0,1644670872828,0
200,458,1.0,1644685937513,0
200,512,1.0,1644686263284,0
200,337,1.0,1644688843665,0
200,498,1.0,1644691307740,0
200,375,1.0,1644734074717,0
200,357,1.0,1644754446209,0
200,336,1.0,1644756582093,0
200,509,1.0,1644756667237,0
200,414,1.0,1644756938134,0
200,518,1.0,1644757918423,0
200,390,1.0,1644758087200,0
200,462,1.0,1644758386024,0
200,413,1.0,1644759084926,0
200,415,1.0,1644760420578,0
200,475,1.0,1644760769646,0
200,323,1.0,1644763326325,0
200,441,1.0,1644763517342,0
200,504,1.0,1644766001113,0
200,348,1.0,1644768434142,0
200,480,1.0,1644768942805,0
200,459,1.0,1644770958495,0
200,401,1.0,1644772056078,0
200,353,1.0,1644772558878,0
200,481,1.0,1644773692679,0
200,513,1.0,1644773834257,0
200,524,1.0,1644773903434,0
200,356,1.0,1644773925213,0
200,485,1.0,1644774119743,0
200,487,1.0,1644774404669,0
200,317,1.0,1644774416951,0
200,448,1.0,1644774547379,0
200,399,1.0,1644774793897,0
200,407,1.0,1644776150619,0
200,389,1.0,1644776194243,0
200,328,1.0,1644776437167,0
200,457,1.0,1644776636346,0
200,445,1.0,1644777277541,0
200,449,1.0,1644777899660,0
200,335,1.0,1644778532398,0
200,351,1.0,1644779767129,0
200,508,1.0,1644779966767,0
200,418,1.0,1644780550493,0
200,374,1.0,1644782042176,0
200,422,1.0,1644783386661,0
200,490,1.0,1644783766443,0
200,333,1.0,1644783841606,0
200,470,1.0,1644786221035,0
200,423,1.0,1644794951553,0
200,486,1.0,1644795641732,0
200,400,1.0,1644797004186,0
200,500,1.0,1644798498470,0
200,408,1.0,1644799166381,0
200,96,1.0,1644801185802,0
200,329,1.0,1644803077707,0
200,409,1.0,1644804819390,0
200,327,1.0,1644805758436,0
200,468,1.0,1644805964186,0
200,431,1.0,1644806347189,0
200,331,1.0,1644809895270,0
200,494,1.0,1644810321729,0
200,419,1.0,1644812195553,0
200,507,1.0,1644813629154,0
200,474,1.0,1644816192504,0
200,354,1.0,1644816888479,0
200,358,1.0,1644818626169,0
200,392,1.0,1644821774715,0
200,405,1.0,1644825121373,0
200,325,1.0,1644834330422,0
200,447,1.0,1644836825153,0
200,469,1.0,1644837315776,0
200,521,1.0,1644837395627,0
200,355,1.0,1644851737791,0
200,341,1.0,1644854510103,0
200,398,1.0,1644857374942,0
200,519,1.0,1644858957185,0
200,511,1.0,1644859114426,0
200,360,1.0,1644860455722,0
200,391,1.0,1644861239167,0
200,340,1.0,1644861248927,0
200,454,1.0,1644861446030,0
200,402,1.0,1644861467757,0
200,491,1.0,1644869504975,0
200,368,1.0,1644880912158,0
200,365,1.0,1644889247130,0
200,396,1.0,1644927068148,0
200,427,1.0,1644930488814,0
200,460,1.0,1644933292047,0
200,444,1.0,1644934551627,0
200,523,1.0,1645027039880,0
200,376,1.0,1645145309531,0
200,377,1.0,1645198916321,0
200,366,1.0,1645218272356,0
200,510,1.0,1645375877503,0
200,324,1.0,1645595274599,0
200,380,1.0,1645596037653,0
200,350,1.0,1645622635757,0
200,319,1.0,1645719427061,0
200,430,1.0,1645868725442,0
200,493,1.0,1645876709225,0
200,345,1.0,1646284943559,0
200,124,1.0,1646502662708,0
200,443,1.0,1647419444495,0
200,492,1.0,1647420442761,0
200,394,1.0,1647509553386,0
200,352,1.0,1647509866111,0
200,369,1.0,1647536851235,1
200,367,1.0,1647537328326,2
201,382,1.0,1646048713982,0
201,219,1.0,1646048736162,0
201,129,1.0,1646742663325,0
201,154,1.0,1646876142880,1
201,362,1.0,1647265419422,2
202,528,1.0,1645796498558,0
202,219,1.0,1645862289505,0
202,194,1.0,1645869579249,0
202,258,1.0,1645870182849,1
202,301,1.0,1645876588057,2
203,528,1.0,1647086007308,0
203,310,1.0,1647165050198,0
203,556,1.0,1647179664002,0
203,221,1.0,1647479148155,1
203,548,1.0,1647646702500,2
