user_id,userID
95,0
98,1
108,2
161,3
167,4
170,5
185,6
196,7
209,8
210,9
233,10
237,11
271,12
288,13
290,14
297,15
300,16
315,17
322,18
325,19
335,20
340,21
343,22
380,23
384,24
389,25
403,26
405,27
412,28
429,29
441,30
495,31
498,32
503,33
755,34
756,35
761,36
768,37
771,38
778,39
797,40
805,41
812,42
816,43
839,44
856,45
862,46
866,47
868,48
872,49
873,50
973,51
988,52
998,53
999,54
1004,55
1008,56
1010,57
1022,58
1030,59
1201,60
1231,61
1257,62
1274,63
1285,64
932,65
1320,66
1346,67
1348,68
1350,69
1351,70
1353,71
1355,72
1356,73
1359,74
1363,75
1364,76
1366,77
1368,78
1369,79
1370,80
1377,81
1379,82
1380,83
1381,84
1387,85
1681,86
1696,87
1705,88
1711,89
1713,90
1835,91
1836,92
1837,93
1838,94
1840,95
1842,96
1843,97
1849,98
1850,99
1852,100
1860,101
1861,102
1864,103
1873,104
1879,105
1880,106
1883,107
2079,108
2080,109
2084,110
2088,111
2098,112
2106,113
2113,114
2119,115
2123,116
2144,117
2149,118
2153,119
2198,120
2201,121
2202,122
2203,123
2209,124
2216,125
2218,126
2221,127
2374,128
2377,129
2380,130
2382,131
2385,132
2390,133
2393,134
2394,135
2395,136
2396,137
2398,138
2399,139
2527,140
2528,141
2529,142
2531,143
2532,144
2533,145
2534,146
2535,147
2536,148
2537,149
2538,150
2539,151
2540,152
2545,153
2553,154
2554,155
2555,156
2556,157
2559,158
2561,159
2564,160
2002,161
2578,162
2580,163
2586,164
2587,165
2591,166
2594,167
2596,168
2597,169
2600,170
2601,171
2608,172
2615,173
2617,174
2003,175
2767,176
2777,177
2890,178
2895,179
2897,180
2965,181
2970,182
2972,183
2975,184
3003,185
3004,186
3006,187
3007,188
3010,189
3016,190
3019,191
3208,192
3214,193
3217,194
3234,195
3457,196
3465,197
3652,198
3653,199
3773,200
3649,201
3132,202
3139,203
